num,Date,i01,i02,i03,i04,i05,i06,i07,i08,i09,i10,i11,i12,i13,i14,i15,i16,i17,gen,age
1,2017-05-22 15:34:59,1,4,3,3,6,4,4,3,5,4,7,7,7,4,1,2,5,,
2,2017-05-24 08:48:05,5,3,4,3,5,3,3,4,3,2,5,4,4,5,5,5,4,,
3,2017-05-24 11:44:17,5,4,4,7,3,1,1,7,4,1,5,2,5,7,7,1,1,,
4,2017-05-24 11:51:34,6,4,7,6,5,1,1,6,5,1,3,1,4,4,5,1,2,,
5,2017-05-24 13:30:05,6,2,4,7,3,1,1,6,2,3,1,3,6,6,6,1,1,,
6,2017-05-24 13:33:36,5,3,7,6,5,2,1,7,6,1,5,1,6,5,7,1,1,,
7,2017-05-24 13:39:45,4,4,4,5,4,5,2,6,5,6,4,5,2,2,4,4,7,,
8,2017-05-24 13:42:38,4,3,3,3,4,4,3,4,3,4,3,4,4,4,4,3,3,,
9,2017-05-24 13:45:44,4,1,2,4,3,2,1,5,2,1,1,1,4,4,5,1,1,,
10,2017-05-24 13:58:49,6,2,2,7,6,6,1,6,4,3,4,3,5,6,6,2,2,,
11,2017-05-24 14:01:32,6,3,3,5,3,2,1,6,3,4,2,4,6,6,6,1,1,,
12,2017-05-24 14:06:20,6,2,4,5,3,1,1,6,4,1,2,2,6,5,6,1,1,,
13,2017-05-24 14:13:47,6,2,2,5,3,1,2,6,3,2,2,6,6,5,5,1,2,,
14,2017-05-24 14:23:34,7,3,6,6,6,1,3,6,6,2,5,2,7,6,6,2,2,,
15,2017-05-24 14:32:41,5,4,2,5,4,2,1,5,2,2,1,6,5,4,6,4,1,,
16,2017-05-24 14:51:13,4,1,2,5,1,4,1,5,4,2,2,2,5,6,5,1,5,,
17,2017-05-24 17:34:42,6,2,4,5,4,4,2,6,4,4,4,4,5,6,6,2,2,,
18,2017-05-24 18:04:09,6,3,4,5,4,1,1,6,1,2,3,2,6,6,6,1,1,,
19,2017-05-24 18:11:14,5,3,5,4,6,2,1,4,4,2,5,2,5,5,5,1,1,,
20,2017-05-24 18:23:34,4,2,3,5,3,1,2,5,3,4,3,3,4,5,5,2,3,,
21,2017-05-24 18:31:18,5,5,7,6,6,2,1,6,6,4,5,2,6,6,5,4,5,,
22,2017-05-24 18:37:00,5,3,5,4,4,4,2,5,5,2,2,2,5,4,5,5,4,,
23,2017-05-24 19:11:16,6,3,3,4,4,1,2,6,3,1,3,2,5,6,4,2,2,,
24,2017-05-24 19:39:27,6,4,5,7,7,7,2,7,7,7,6,1,7,6,6,1,7,,
25,2017-05-24 20:06:32,6,5,4,6,4,2,1,5,3,3,5,4,4,5,6,3,3,,
26,2017-05-24 20:13:34,6,2,4,6,4,1,3,6,4,1,5,3,6,4,6,6,3,,
27,2017-05-24 20:46:41,4,2,5,4,4,5,1,2,4,2,4,2,4,4,5,3,2,,
28,2017-05-24 21:27:00,7,2,4,5,5,1,1,4,2,7,4,4,5,5,5,1,1,,
29,2017-05-24 21:53:29,7,2,4,6,3,2,1,6,5,2,5,3,6,6,1,1,2,,
30,2017-05-24 22:22:01,5,4,5,5,4,5,1,5,4,4,4,3,4,5,5,2,2,,
31,2017-05-24 23:28:12,6,4,2,7,2,2,1,6,2,5,4,5,5,6,5,1,2,,
32,2017-05-24 23:36:29,6,3,5,5,4,2,2,6,5,2,5,4,6,6,6,3,3,,
33,2017-05-25 00:16:05,5,4,4,6,3,2,2,6,5,2,4,3,6,5,5,4,2,,
34,2017-05-25 08:47:58,5,2,2,5,3,3,2,6,2,6,4,5,6,6,6,2,6,,
35,2017-05-25 08:50:43,4,2,3,3,2,4,1,5,4,4,2,3,2,3,2,3,1,,
36,2017-05-25 09:35:23,7,1,3,7,6,1,2,7,5,2,5,1,5,7,7,1,1,,
37,2017-05-25 09:58:24,5,3,5,4,6,4,2,7,6,3,4,3,7,7,7,6,6,,
38,2017-05-25 14:32:08,5,3,5,5,5,2,4,5,6,2,5,2,5,6,6,3,3,,
39,2017-05-25 15:20:57,5,2,4,4,5,4,1,5,3,4,1,5,5,6,6,4,1,,
40,2017-05-25 21:50:57,6,4,2,6,4,5,1,7,2,4,5,7,5,5,7,1,1,,
41,2017-05-25 23:05:19,5,3,4,3,4,3,1,4,3,4,2,3,4,3,4,1,2,,
42,2017-05-25 23:53:12,7,1,1,7,1,1,1,7,1,6,1,1,4,2,6,1,1,,
43,2017-05-26 12:45:39,5,4,5,4,4,3,5,6,5,4,3,4,6,6,5,2,6,,
44,2017-05-26 12:58:20,7,4,4,6,4,2,2,5,5,4,4,3,6,5,5,3,2,,
45,2017-05-26 13:34:21,4,1,5,3,2,6,1,7,4,5,3,2,2,4,4,2,1,,
46,2017-05-26 15:20:45,6,2,5,4,3,2,1,6,6,2,6,2,6,6,6,2,3,,
47,2017-05-26 15:37:40,6,4,4,4,2,2,1,6,2,2,3,3,7,6,6,1,2,,
48,2017-05-26 16:31:49,6,2,5,7,4,2,1,7,2,3,4,2,6,7,6,2,1,,
49,2017-05-26 17:11:44,6,2,5,5,3,5,3,5,6,4,5,2,3,6,5,2,2,,
50,2017-05-26 17:19:10,5,1,1,6,4,1,1,7,4,1,1,3,6,6,7,1,1,,
51,2017-05-26 17:25:35,6,5,4,7,3,2,1,6,3,2,4,4,5,5,6,2,1,,
52,2017-05-26 20:22:31,6,2,2,5,3,2,1,6,3,2,2,4,5,5,6,2,1,,
53,2017-05-27 10:45:09,4,3,4,4,3,3,1,5,4,4,2,2,2,4,4,1,1,,
54,2017-05-27 12:25:15,4,1,4,4,4,1,1,4,4,1,4,2,4,5,5,1,2,,
55,2017-05-27 15:53:59,6,2,4,6,2,1,1,6,4,1,4,1,6,6,6,3,1,,
56,2017-05-27 16:25:50,6,2,4,6,3,2,2,6,3,4,4,3,7,6,6,2,2,,
57,2017-05-27 20:19:49,4,2,6,3,2,1,1,5,5,2,5,3,5,5,6,3,1,,
58,2017-05-27 21:12:34,4,6,1,4,5,3,1,5,1,7,2,7,3,3,1,3,5,,
59,2017-05-28 09:43:28,5,3,3,3,3,3,1,7,3,3,3,3,3,3,3,3,3,,
60,2017-05-28 13:39:48,3,4,2,4,5,4,1,4,1,4,1,1,4,5,6,1,2,,
61,2017-05-28 16:17:40,5,1,4,6,4,1,1,5,1,4,1,1,6,6,5,1,1,,
62,2017-05-29 12:04:06,6,4,2,4,1,5,1,6,3,4,3,4,6,7,6,3,4,,
63,2017-05-29 14:00:20,6,4,7,7,5,2,5,6,4,2,5,2,5,6,4,2,5,,
64,2017-05-29 14:01:31,5,4,4,4,5,3,4,4,4,4,5,4,4,4,4,4,4,,
65,2017-05-29 15:27:10,6,3,2,4,5,4,1,5,2,2,2,2,4,2,4,2,3,,
66,2017-05-29 15:41:09,6,4,4,7,4,1,1,7,3,1,5,1,7,7,7,1,1,,
67,2017-05-29 16:06:37,6,2,6,6,4,1,1,6,3,1,4,1,4,5,5,3,1,,
68,2017-05-29 17:00:20,5,3,4,4,1,3,1,5,3,6,1,6,3,4,5,1,2,,
69,2017-05-29 20:13:04,4,7,4,3,2,4,1,4,1,7,2,5,2,5,2,1,4,,
70,2017-05-29 21:49:32,4,3,5,4,4,3,2,6,4,5,5,2,5,5,5,4,2,,
71,2017-05-30 00:31:39,5,3,3,5,4,2,1,6,2,2,2,6,4,5,5,4,2,,
72,2017-05-30 09:04:17,5,1,4,4,1,2,1,5,1,4,1,4,5,4,5,1,1,,
73,2017-05-30 09:14:11,5,1,2,5,3,1,1,4,3,6,2,2,4,4,4,2,1,,
74,2017-05-30 11:27:17,4,2,4,5,2,2,1,7,3,2,4,2,5,5,5,1,1,,
75,2017-05-30 12:53:32,4,4,4,4,5,4,2,5,5,3,4,4,5,5,6,5,7,,
76,2017-05-30 13:13:09,5,4,5,6,5,3,2,6,3,4,3,3,5,5,6,2,2,,
77,2017-05-30 13:19:18,5,1,4,5,4,4,1,5,4,6,5,6,4,4,4,1,2,,
78,2017-05-30 16:59:00,6,3,2,5,4,2,1,7,1,4,5,2,6,6,7,1,1,,
79,2017-05-30 19:55:45,5,6,7,7,2,2,1,7,7,1,5,6,7,7,2,7,4,,
80,2017-05-30 20:28:09,5,1,1,4,1,1,1,4,1,4,1,6,3,4,5,1,1,,
81,2017-05-30 20:41:05,6,5,5,4,4,2,2,6,5,1,4,2,6,6,6,4,2,,
82,2017-05-30 21:00:47,6,4,2,7,4,4,1,4,1,7,4,7,4,6,4,4,4,,
83,2017-05-30 21:04:47,5,2,3,4,3,1,1,6,4,2,2,3,5,5,6,2,1,,
84,2017-05-30 21:09:09,5,4,6,6,4,1,1,5,5,2,5,1,6,6,6,1,4,,
85,2017-05-30 22:36:03,5,5,5,2,4,2,3,6,5,2,3,2,5,4,5,2,2,,
86,2017-05-31 00:55:41,7,1,3,7,4,1,1,7,4,4,1,4,7,7,6,1,1,,
87,2017-05-31 03:02:33,6,3,4,5,5,4,1,6,4,4,4,4,7,5,4,1,3,,
88,2017-05-31 07:50:47,4,2,6,5,5,2,4,6,6,1,5,1,6,5,5,1,2,,
89,2017-05-31 09:48:13,5,2,4,4,2,3,1,6,3,5,3,3,5,5,4,1,1,,
90,2017-05-31 11:14:43,3,3,2,3,3,4,3,4,3,3,3,5,4,4,3,3,3,,
91,2017-05-31 13:12:17,7,2,3,6,1,1,1,6,2,3,1,3,6,5,6,1,1,,
92,2017-05-31 13:33:12,6,4,4,5,5,2,1,5,4,1,4,2,5,5,6,1,1,,
93,2017-05-31 13:34:35,3,7,2,5,1,2,1,5,2,6,4,3,5,5,5,1,6,,
94,2017-05-31 13:56:48,4,3,4,4,5,3,5,5,3,4,5,4,5,5,5,3,4,,
95,2017-05-31 17:07:06,5,2,2,4,1,1,2,7,2,3,1,2,5,5,6,1,2,,
96,2017-05-31 18:11:14,5,2,4,4,4,2,1,6,4,1,1,6,2,4,4,1,1,,
97,2017-05-31 19:02:32,6,3,3,4,5,2,1,6,5,4,4,3,2,6,6,6,2,,
98,2017-05-31 19:03:20,6,3,1,5,2,2,1,6,2,2,2,3,6,5,6,1,1,,
99,2017-05-31 20:57:13,5,3,1,6,3,4,1,5,4,4,1,2,1,3,4,1,1,,
100,2017-05-31 21:38:11,4,5,2,6,2,2,1,6,1,5,1,5,4,5,6,1,3,,
101,2017-05-31 21:42:23,5,3,1,6,2,1,1,6,1,2,5,2,5,6,6,1,1,,
102,2017-05-31 21:53:13,5,1,1,7,4,1,1,7,1,5,3,6,7,7,6,1,1,,
103,2017-05-31 22:43:57,5,4,1,5,2,5,1,4,1,4,1,1,5,5,4,3,5,,
104,2017-05-31 23:24:42,5,2,4,5,5,2,1,6,5,3,5,3,5,6,7,2,3,,
105,2017-06-01 00:05:55,5,3,4,4,3,2,1,5,3,3,4,3,5,6,6,3,3,,
106,2017-06-01 08:40:56,7,1,4,6,1,1,1,7,5,1,4,1,7,7,7,1,1,,
107,2017-06-01 10:29:32,6,4,6,5,6,2,2,6,6,1,6,2,6,6,6,5,2,,
108,2017-06-01 10:30:30,5,1,1,7,1,1,1,4,1,4,1,1,5,4,4,1,1,,
109,2017-06-01 15:45:02,6,5,5,7,5,1,1,6,4,1,4,1,4,6,6,6,1,,
110,2017-06-01 15:47:04,6,1,7,6,6,1,2,6,7,1,6,1,6,6,7,3,1,,
111,2017-06-02 15:03:46,5,3,2,4,3,1,1,6,1,7,4,5,5,6,6,1,3,,
112,2017-06-02 15:16:19,4,4,6,4,3,2,1,6,5,4,3,2,4,5,6,3,4,,
113,2017-06-02 16:33:31,4,2,4,3,2,6,7,4,1,5,4,2,4,6,4,1,3,,
114,2017-06-02 16:53:43,6,2,5,6,2,3,1,5,5,2,5,2,6,6,6,3,4,,
115,2017-06-02 20:07:12,5,2,3,5,2,2,1,5,2,4,3,6,5,5,6,2,2,,
116,2017-06-02 20:34:32,6,2,7,7,6,2,1,7,7,1,7,1,7,7,7,2,2,,
117,2017-06-02 21:30:58,5,4,4,6,3,2,1,6,2,2,4,4,6,6,6,1,1,,
118,2017-06-02 21:35:25,5,2,2,6,1,1,1,6,2,2,4,5,6,6,6,2,2,,
119,2017-06-02 22:55:24,4,4,3,4,4,2,1,6,2,5,3,5,4,6,5,3,1,,
120,2017-06-02 23:51:20,3,3,4,2,3,4,1,5,4,5,2,3,3,3,3,1,3,,
121,2017-06-03 09:54:09,6,3,5,7,4,4,1,5,5,5,6,3,4,6,5,1,2,,
122,2017-06-03 12:34:51,6,4,1,6,1,6,1,6,1,5,4,1,6,6,7,1,1,,
123,2017-06-03 14:07:56,6,3,5,6,6,3,3,5,6,2,6,3,6,6,6,2,6,,
124,2017-06-03 21:19:52,3,3,4,2,4,2,1,4,2,3,3,4,4,3,4,2,2,,
125,2017-06-03 23:56:15,7,2,4,5,3,1,1,4,4,2,3,2,5,5,6,2,1,,
126,2017-06-04 13:43:17,4,3,4,5,4,3,1,6,3,1,3,3,5,5,6,4,1,,
127,2017-06-05 20:39:26,5,2,3,5,4,2,1,5,3,1,3,3,5,5,6,4,3,,
128,2017-06-06 11:33:21,4,2,4,6,2,2,1,7,4,3,3,3,6,5,4,1,1,,
129,2017-06-06 15:59:04,5,3,5,2,6,2,3,6,5,2,5,2,5,5,5,3,2,,
130,2017-06-07 09:07:24,6,1,1,5,1,1,1,7,1,5,2,1,7,7,7,1,1,,
131,2017-06-08 09:18:31,5,2,4,5,4,2,4,5,2,3,3,3,5,5,5,3,6,,
132,2017-06-08 12:14:50,5,3,5,6,3,2,2,6,6,2,5,2,5,6,6,3,2,,
133,2017-06-09 16:23:37,5,4,3,5,3,3,2,5,2,3,3,4,5,5,5,2,2,,
134,2017-10-30 11:14:50,5,3,3,4,3,2,1,4,1,6,1,7,2,2,2,1,1,,
135,2017-10-30 11:36:34,5,2,4,5,6,2,3,7,6,1,7,1,5,5,7,4,1,,
136,2017-10-30 11:44:53,5,4,2,5,4,1,1,6,4,1,6,2,4,4,6,4,3,,
137,2017-10-30 11:58:12,5,5,4,6,6,1,1,6,1,1,4,1,6,4,7,2,1,,
138,2017-10-30 12:00:59,6,2,4,2,3,4,3,5,6,6,4,2,2,6,6,6,6,,
139,2017-10-30 12:05:10,5,3,4,7,3,1,1,1,3,1,1,3,7,7,7,4,1,,
140,2017-10-30 12:46:49,5,4,4,4,2,4,1,4,4,3,4,4,4,4,3,1,2,,
141,2017-10-30 12:50:01,2,1,4,5,4,1,1,5,4,3,4,3,4,4,5,2,2,,
142,2017-10-30 13:28:28,5,3,5,5,6,2,3,5,6,4,5,2,5,6,5,1,2,,
143,2017-10-30 13:31:01,4,2,2,4,2,2,1,5,1,3,2,2,1,4,4,1,5,,
144,2017-10-30 13:47:25,5,3,1,6,3,1,1,5,4,4,1,1,7,5,7,2,1,,
145,2017-10-30 14:11:23,4,3,6,5,6,3,3,4,6,2,4,2,3,3,4,4,3,,
146,2017-10-30 14:34:37,6,2,6,5,5,3,1,6,6,2,6,2,5,4,5,2,1,,
147,2017-10-30 15:52:18,6,4,6,4,6,4,3,6,4,3,5,4,4,6,6,1,4,,
148,2017-10-30 16:02:08,6,4,5,5,5,4,2,4,5,2,5,3,4,4,5,3,3,,
149,2017-10-30 16:20:35,5,4,3,3,5,4,3,5,5,4,3,3,4,4,4,3,1,,
150,2017-10-30 16:28:25,4,3,4,5,6,3,3,5,5,4,5,4,4,5,7,3,3,,
151,2017-10-30 16:55:34,4,1,1,1,1,1,1,3,1,1,1,1,6,6,6,1,4,,
152,2017-10-30 17:39:29,4,3,1,5,3,1,1,5,1,2,2,3,3,6,6,1,2,,
153,2017-10-30 18:16:23,5,4,6,6,3,2,1,6,5,7,3,3,2,4,5,2,2,,
154,2017-10-30 18:45:42,4,4,5,5,4,2,1,6,4,1,3,3,5,5,5,5,1,,
155,2017-10-30 19:13:00,5,2,4,6,4,2,1,5,3,2,3,2,7,6,6,1,1,,
156,2017-10-30 19:20:22,3,3,4,3,3,4,2,4,4,2,3,4,4,3,4,3,2,,
157,2017-10-30 23:10:03,6,4,5,4,5,3,4,5,5,2,5,2,6,6,6,5,4,,
158,2017-10-30 23:25:24,5,2,3,3,3,4,2,5,4,4,3,3,5,5,5,3,1,,
159,2017-10-31 00:51:10,6,4,6,6,5,2,1,7,6,2,5,3,7,7,7,3,2,,
160,2017-10-31 07:01:41,7,4,5,7,7,1,1,7,6,4,4,2,6,7,6,1,2,,
161,2017-10-31 08:42:19,4,3,6,6,6,3,4,5,6,2,6,2,6,6,6,6,6,,
162,2017-10-31 10:42:43,5,3,5,6,3,1,1,6,6,2,4,3,6,7,6,2,2,,
163,2017-10-31 16:12:52,5,1,4,4,2,2,1,6,2,3,4,3,5,6,5,1,1,,
164,2017-10-31 16:50:11,5,1,3,5,1,7,1,6,1,1,1,1,6,5,5,1,1,,
165,2017-10-31 18:33:46,5,4,4,5,4,3,2,4,4,4,3,5,5,5,5,3,3,,
166,2017-10-31 20:03:40,5,4,4,4,5,4,3,5,4,4,3,4,4,5,5,2,3,,
167,2017-10-31 20:30:29,6,4,4,5,4,2,1,5,3,3,1,3,5,5,5,1,2,,
168,2017-10-31 20:33:29,6,3,7,6,5,1,5,7,6,2,6,1,6,6,5,5,1,,
169,2017-10-31 21:04:12,5,4,1,5,1,7,1,7,1,1,1,1,5,5,5,1,1,,
170,2017-10-31 21:34:01,5,4,4,6,3,1,1,6,3,3,3,4,7,7,6,4,1,,
171,2017-10-31 21:56:12,6,7,6,4,4,2,1,6,7,1,2,1,6,6,6,2,2,,
172,2017-10-31 22:18:24,6,4,5,5,4,2,1,6,3,4,2,5,5,3,3,1,1,,
173,2017-10-31 22:48:13,5,4,4,7,3,3,2,6,5,4,3,4,5,6,5,2,3,,
174,2017-10-31 23:00:24,4,3,2,4,4,2,1,6,1,3,2,5,4,4,6,1,4,,
175,2017-10-31 23:46:03,5,4,5,5,4,3,1,6,3,2,4,3,5,6,5,2,2,,
176,2017-11-01 07:42:13,4,3,4,5,4,3,3,5,3,3,3,4,4,5,6,3,3,,
177,2017-11-01 07:56:30,6,3,4,6,3,1,1,6,4,4,4,4,7,5,5,3,2,,
178,2017-11-01 08:52:49,6,2,2,6,2,4,1,5,2,3,2,4,4,4,5,2,4,,
179,2017-11-01 12:19:40,6,2,4,7,3,2,1,7,3,4,3,4,6,5,5,1,1,,
180,2017-11-01 14:14:48,6,7,4,5,3,3,1,7,1,3,5,3,7,6,6,1,1,,
181,2017-11-01 15:48:39,5,4,6,5,5,3,2,6,6,2,4,2,6,5,5,3,3,,
182,2017-11-01 16:54:01,5,4,3,5,5,2,2,5,4,4,2,3,4,4,5,1,5,,
183,2017-11-01 18:05:44,6,4,4,6,3,3,2,3,3,4,3,4,5,4,6,4,1,,
184,2017-11-01 20:20:41,6,4,4,6,3,2,1,6,2,2,3,4,5,5,6,1,1,,
185,2017-11-01 21:10:59,6,4,4,5,3,3,1,5,2,5,3,2,6,5,6,1,1,,
186,2017-11-01 22:22:55,4,1,1,2,1,4,1,6,1,1,1,6,4,4,4,1,2,,
187,2017-11-02 00:20:29,5,4,5,4,6,3,3,3,6,2,4,2,4,4,5,1,2,,
188,2017-11-02 00:25:56,6,2,6,6,4,1,1,7,5,1,4,1,6,6,6,2,1,,
189,2017-11-02 10:27:54,6,2,5,6,4,1,3,6,4,1,5,1,5,6,6,4,1,,
190,2017-11-02 13:22:22,5,3,3,5,3,2,1,5,4,4,3,2,5,5,6,1,1,,
191,2017-11-02 14:09:53,5,2,3,4,3,4,2,5,2,3,3,3,4,4,5,2,2,,
192,2017-11-02 14:24:54,3,7,5,1,1,4,1,7,4,4,4,4,6,6,6,6,6,,
193,2017-11-02 22:23:13,4,3,3,5,3,2,1,6,3,4,3,3,6,5,5,2,1,,
194,2017-11-02 22:45:56,5,1,3,5,2,2,1,4,1,1,1,2,5,4,4,1,1,,
195,2017-11-02 22:55:08,5,3,4,6,3,5,1,6,4,2,1,2,4,5,5,1,1,,
196,2017-11-03 00:00:41,5,4,4,5,5,6,1,7,5,4,4,4,6,5,5,1,1,,
197,2017-11-03 02:21:06,6,3,4,5,4,2,3,6,5,2,3,3,6,6,6,3,2,,
198,2017-11-03 06:55:10,5,6,4,4,5,1,1,4,3,1,3,1,6,3,6,1,1,,
199,2017-11-03 10:41:39,5,2,2,6,2,2,1,6,3,2,3,3,6,6,6,2,1,,
200,2017-11-03 13:31:41,6,1,1,6,3,4,1,6,1,4,2,1,5,5,6,1,6,,
201,2017-11-03 14:52:47,4,1,7,6,6,2,1,7,6,4,5,4,7,5,6,5,2,,
202,2017-11-03 14:57:43,5,4,5,6,6,2,1,6,4,2,2,2,5,5,6,2,3,,
203,2017-11-03 15:40:49,5,4,3,5,3,2,1,6,3,2,2,4,5,5,6,1,3,,
204,2017-11-03 17:00:05,5,3,5,6,4,2,1,5,2,4,1,4,2,5,5,1,1,,
205,2017-11-03 17:04:30,5,2,3,4,3,5,2,5,3,6,3,5,4,4,5,2,2,,
206,2017-11-04 09:51:18,4,1,4,4,3,3,1,4,3,4,4,1,4,4,5,1,1,,
207,2017-11-04 18:05:25,6,4,3,4,2,5,1,6,1,3,4,6,6,6,6,1,1,,
208,2017-11-04 20:19:42,6,1,1,5,1,5,1,5,1,1,1,1,5,5,5,2,1,,
209,2017-11-05 09:04:11,5,4,1,6,2,5,1,3,2,3,1,2,3,4,5,1,1,,
210,2017-11-05 13:27:13,5,2,6,6,4,1,1,6,6,1,4,1,6,6,7,2,1,,
211,2017-11-05 16:38:03,5,3,2,4,4,2,1,6,2,2,2,2,5,5,5,6,4,,
212,2017-11-05 18:14:20,6,1,1,6,2,1,1,7,2,1,1,1,3,3,7,1,1,,
213,2017-11-05 19:20:52,5,3,5,4,4,3,1,6,3,4,4,2,5,5,6,2,2,,
214,2017-11-05 21:58:01,4,3,4,4,4,3,2,4,3,3,4,3,4,4,4,4,3,,
215,2017-11-05 22:36:52,5,4,5,6,6,2,1,6,2,2,4,4,6,6,6,3,1,,
216,2017-11-05 23:19:19,6,3,3,6,4,2,1,6,4,4,3,3,4,5,5,1,2,,
217,2017-11-05 23:39:52,5,2,6,6,3,2,4,7,3,2,5,3,4,4,4,2,2,,
218,2017-11-06 10:06:50,5,2,4,6,4,2,1,5,4,3,4,2,5,5,4,3,3,,
219,2017-11-06 10:29:23,4,4,2,5,3,2,1,4,2,4,3,5,5,6,6,1,2,,
220,2017-11-06 10:33:16,5,2,2,7,4,3,2,6,2,3,2,5,5,6,6,2,2,,
221,2017-11-06 11:19:42,4,3,4,5,2,3,1,6,4,5,2,3,4,3,5,1,1,,
222,2017-11-06 11:42:34,6,4,4,7,1,1,1,6,1,4,4,4,6,6,6,1,1,,
223,2017-11-06 11:58:33,7,6,1,5,6,2,1,7,2,2,2,6,6,7,5,1,7,,
224,2017-11-06 18:14:03,5,4,4,6,2,1,1,5,4,3,2,6,5,5,5,2,2,,
225,2017-11-06 21:25:20,5,3,4,6,3,3,3,1,1,4,4,3,5,5,5,2,1,,
226,2017-11-06 22:04:46,4,6,3,4,4,3,1,6,3,1,2,4,5,4,5,4,4,,
227,2017-11-06 22:49:19,5,2,4,6,4,2,2,6,4,4,4,4,5,5,6,2,2,,
228,2017-11-06 23:32:49,4,4,4,3,4,3,1,4,5,4,5,1,4,5,4,2,2,,
229,2017-11-07 17:57:21,5,3,2,5,3,1,1,5,4,1,5,1,5,5,6,1,1,,
230,2017-11-08 16:27:23,5,3,6,6,5,2,2,6,4,3,3,3,4,4,5,1,2,,
231,2017-11-08 19:42:14,4,1,1,5,1,2,1,5,1,2,1,7,3,5,5,1,1,,
232,2017-11-08 20:04:52,6,4,4,7,5,1,1,7,3,1,6,3,7,7,7,1,3,,
233,2017-11-10 13:13:31,6,6,4,6,4,5,1,7,3,5,4,4,5,5,6,1,1,,
234,2017-11-10 18:25:51,7,4,2,3,3,1,1,7,2,1,5,4,7,7,7,3,1,,
235,2017-11-11 10:42:21,5,2,4,5,4,5,2,5,2,4,2,4,4,4,5,1,1,,
236,2017-11-11 13:08:36,4,3,4,3,5,5,3,6,5,1,5,2,5,5,6,5,3,,
237,2017-11-11 16:58:15,6,3,1,6,1,2,1,7,1,3,1,5,6,5,6,1,1,,
238,2017-11-11 19:33:38,5,3,4,6,2,5,1,7,1,4,4,5,7,6,6,1,4,,
239,2017-11-11 21:58:47,7,3,4,5,2,2,1,7,2,4,5,4,4,6,6,1,2,,
240,2017-11-12 11:57:14,4,3,5,4,6,5,2,4,4,5,3,2,3,4,3,1,2,,
241,2017-11-12 13:03:22,4,7,7,5,7,6,1,7,7,5,7,1,7,7,7,7,7,,
242,2017-11-12 15:44:02,5,3,4,4,4,2,1,5,4,3,4,3,5,4,4,1,2,,
243,2017-11-12 18:00:47,4,2,4,6,2,1,1,7,1,5,4,3,5,6,6,2,2,,
244,2017-11-12 20:36:42,5,3,3,5,3,3,2,5,3,3,3,3,5,5,5,2,6,,
245,2017-11-12 20:54:15,4,1,6,5,5,1,1,5,4,4,4,1,5,5,3,3,1,,
246,2017-11-12 22:08:50,6,2,4,6,2,3,1,5,4,2,4,2,4,5,6,1,1,,
247,2017-11-13 12:12:39,5,1,3,4,3,3,1,4,2,2,1,2,4,4,4,1,1,,
248,2017-11-13 12:28:44,4,4,4,5,3,5,1,5,3,4,3,5,4,4,4,1,4,,
249,2017-11-13 13:40:00,5,2,4,4,3,2,1,5,4,2,4,2,4,3,4,1,2,,
250,2017-11-13 15:16:25,5,1,4,6,4,1,1,5,4,2,4,2,5,6,7,1,1,,
251,2017-11-13 19:39:01,6,4,3,5,2,2,2,6,3,5,2,6,6,6,6,1,1,,
252,2017-11-14 00:21:38,6,6,4,7,4,5,1,7,5,7,2,2,7,6,6,1,1,,
253,2017-11-18 08:53:54,5,2,3,6,2,1,1,6,4,4,3,4,6,6,7,1,2,,
254,2017-11-18 16:48:13,1,1,1,2,2,2,1,2,1,1,1,1,2,2,2,1,1,,
255,2017-11-18 22:21:11,6,3,2,5,4,2,1,6,2,7,6,4,5,5,6,2,2,,
256,2017-11-19 10:53:30,6,4,4,6,5,3,1,5,2,4,1,4,6,6,5,1,2,,
257,2018-05-15 14:03:00,4,4,4,1,1,1,1,5,1,1,1,2,7,2,2,1,2,,
258,2018-05-15 14:09:06,6,2,4,4,4,2,2,5,4,3,2,3,4,3,5,1,1,,
259,2018-05-15 15:41:41,5,1,1,4,1,1,1,7,1,4,1,7,3,5,6,1,1,,
260,2018-05-15 16:36:32,5,4,2,3,3,2,3,5,2,4,2,5,4,4,4,4,3,,
261,2018-05-15 17:44:06,6,2,5,6,2,2,2,6,3,5,5,3,6,6,6,1,1,,
262,2018-05-15 19:54:21,5,3,5,6,3,2,3,6,5,2,4,1,6,5,6,3,4,,
263,2018-05-15 20:02:59,5,3,4,5,3,5,4,6,3,3,5,4,5,5,5,3,1,,
264,2018-05-15 20:16:20,4,6,3,3,3,4,1,6,4,6,3,3,4,4,4,1,4,,
265,2018-05-15 20:58:33,6,3,1,5,3,3,2,4,4,3,3,6,5,5,4,2,2,,
266,2018-05-15 21:07:58,6,3,3,7,3,2,1,7,3,3,1,6,5,6,6,1,1,,
267,2018-05-15 21:45:39,5,2,7,6,5,1,4,5,6,2,6,2,5,6,6,5,4,,
268,2018-05-15 21:58:34,4,2,4,5,4,2,1,6,5,1,4,4,6,3,4,3,1,,
269,2018-05-15 22:56:35,5,6,4,4,6,6,1,6,4,3,3,3,4,4,4,1,1,,
270,2018-05-15 23:00:31,5,4,2,6,3,3,2,6,4,5,3,6,6,5,5,1,2,,
271,2018-05-15 23:13:05,4,6,2,6,1,2,1,6,1,3,2,6,6,6,7,1,1,,
272,2018-05-16 00:50:48,6,4,5,4,4,3,1,5,4,3,3,2,6,6,6,3,2,,
273,2018-05-16 08:12:59,4,3,5,6,4,2,1,5,4,1,6,2,6,5,5,2,1,,
274,2018-05-16 08:14:47,5,2,7,6,4,2,2,5,5,1,5,1,4,5,5,2,2,,
275,2018-05-16 12:49:53,5,3,4,7,4,4,1,5,1,2,1,5,6,2,4,2,2,,
276,2018-05-16 17:55:56,5,3,5,7,4,2,1,6,4,3,4,2,7,7,7,2,2,,
277,2018-05-16 18:22:19,5,2,1,5,2,2,1,6,2,4,4,2,6,6,6,1,1,,
278,2018-05-16 18:27:05,6,2,4,4,3,1,1,6,4,7,1,5,6,6,6,1,1,,
279,2018-05-16 18:36:55,5,1,2,2,1,2,1,5,2,3,1,3,2,4,4,1,1,,
280,2018-05-16 18:50:12,4,4,2,2,1,3,1,4,3,5,2,3,6,7,7,1,1,,
281,2018-05-16 19:30:54,4,3,2,4,2,3,1,5,1,4,1,4,3,5,7,1,3,,
282,2018-05-16 19:37:05,6,2,5,6,3,2,1,6,4,1,4,1,6,6,6,1,1,,
283,2018-05-16 19:40:13,5,2,3,5,2,1,1,6,4,4,1,3,4,5,6,1,2,,
284,2018-05-16 20:31:37,5,1,4,5,2,1,1,7,4,3,2,3,6,6,6,1,2,,
285,2018-05-16 20:34:58,6,2,5,6,4,2,1,6,5,2,5,2,6,6,6,2,2,,
286,2018-05-16 21:05:50,5,3,4,6,4,2,1,5,3,2,7,6,6,6,6,1,1,,
287,2018-05-16 22:08:58,5,4,5,4,3,2,2,6,6,1,4,6,4,6,5,4,3,,
288,2018-05-16 22:36:09,3,3,1,3,2,4,1,5,2,1,2,2,5,5,5,2,1,,
289,2018-05-16 22:39:52,6,3,4,6,4,2,1,5,3,3,6,3,5,6,6,4,2,,
290,2018-05-16 23:41:03,5,4,5,5,4,3,3,6,6,3,4,2,5,6,6,3,3,,
291,2018-05-17 06:45:35,6,3,3,4,5,3,1,5,5,2,4,3,5,5,6,3,5,,
292,2018-05-17 08:07:51,4,3,4,2,4,2,1,5,4,2,2,2,5,5,4,4,2,,
293,2018-05-17 08:42:18,3,4,1,4,3,5,1,5,2,5,3,5,4,4,5,2,4,,
294,2018-05-17 09:01:26,5,4,2,6,5,2,2,6,7,1,3,2,6,7,5,1,1,,
295,2018-05-17 09:09:50,6,4,4,4,7,3,1,7,6,7,6,2,7,7,7,5,4,,
296,2018-05-17 09:23:25,6,2,2,5,3,2,1,6,1,3,3,4,5,5,5,1,1,,
297,2018-05-17 09:32:10,5,4,5,5,4,3,2,5,6,3,4,3,5,5,4,2,2,,
298,2018-05-17 10:17:27,4,4,5,4,5,3,4,4,3,4,2,3,4,4,4,2,4,,
299,2018-05-17 13:20:35,6,3,4,6,7,1,1,6,7,1,4,1,4,4,5,1,3,,
300,2018-05-17 17:11:03,4,4,2,4,2,4,1,4,2,6,2,6,4,4,4,1,4,,
301,2018-05-17 18:56:51,5,4,3,5,2,2,2,6,3,4,4,7,5,5,5,2,5,,
302,2018-05-17 19:02:51,5,4,5,5,6,2,5,7,5,1,4,2,6,5,5,4,1,,
303,2018-05-18 09:00:10,5,3,4,7,3,2,1,5,2,3,3,3,5,5,5,3,2,,
304,2018-05-18 09:23:04,5,4,4,4,3,2,1,5,3,2,2,2,3,4,5,1,1,,
305,2018-05-18 12:43:37,4,2,2,4,2,7,1,5,2,4,4,2,6,6,6,2,2,,
306,2018-05-18 13:23:52,6,3,4,7,6,7,1,7,4,6,4,5,7,5,6,1,1,,
307,2018-05-18 14:08:22,4,3,7,6,5,3,4,5,6,2,5,1,5,5,5,5,3,,
308,2018-05-18 14:08:38,5,4,2,6,1,2,1,7,1,7,1,7,4,5,6,1,2,,
309,2018-05-18 17:16:40,5,1,4,5,4,1,1,5,4,4,4,3,5,5,5,1,1,,
310,2018-05-19 04:34:02,5,4,4,5,4,4,1,5,4,4,4,4,4,4,5,2,4,,
311,2018-05-19 08:38:35,5,2,2,4,2,1,2,5,4,6,1,5,6,5,5,4,3,,
312,2018-05-19 09:12:56,5,1,5,5,4,2,1,6,4,4,5,2,4,5,5,1,1,,
313,2018-05-19 12:06:47,6,6,1,6,1,1,1,4,2,5,1,2,6,6,7,1,1,,
314,2018-05-19 12:24:40,5,2,4,5,4,2,1,5,4,2,5,4,5,4,5,1,1,,
315,2018-05-19 12:24:54,6,1,2,6,2,3,1,7,2,5,2,6,7,6,6,1,2,,
316,2018-05-19 15:22:17,5,3,5,5,4,3,1,6,4,1,3,3,6,6,6,3,3,,
317,2018-05-19 22:10:17,5,4,4,5,3,5,1,7,1,7,4,6,6,6,7,1,4,,
318,2018-05-19 23:11:39,6,1,4,7,4,1,1,7,4,2,4,2,7,7,7,1,1,,
319,2018-05-20 16:18:52,5,3,5,5,6,3,4,7,6,2,5,3,6,5,6,7,3,,
320,2018-05-20 18:01:08,6,2,4,5,6,1,1,5,4,1,2,1,4,4,5,1,2,,
321,2018-05-20 21:34:19,6,1,5,5,6,1,3,7,6,1,6,2,7,7,6,5,1,,
322,2018-05-20 21:39:57,6,3,6,4,5,3,2,6,5,6,4,4,5,6,6,2,2,,
323,2018-05-20 23:22:06,5,4,4,5,4,3,3,6,3,5,4,3,5,5,5,3,4,,
324,2018-05-21 11:18:52,3,6,3,1,1,4,1,4,1,4,1,3,1,1,2,1,4,,
325,2018-05-21 18:22:14,6,2,3,5,2,1,1,5,2,1,4,3,6,5,6,1,2,,
326,2018-05-21 22:27:17,5,1,2,3,2,4,1,5,1,6,1,2,4,4,6,1,1,,
327,2018-05-22 10:43:41,7,1,1,5,1,1,1,5,1,1,1,1,5,5,5,1,1,,
328,2018-05-22 22:59:29,5,2,1,3,2,2,1,6,1,3,2,2,5,5,5,1,1,,
329,2018-05-22 23:00:07,6,2,6,5,6,2,1,5,6,1,6,3,4,4,7,6,3,,
330,2018-05-24 16:45:07,4,2,4,5,4,2,1,6,3,5,3,2,6,6,4,1,1,,
331,2018-05-25 14:21:17,5,2,2,5,1,4,1,6,3,3,1,1,4,3,3,1,1,,
332,2018-05-26 12:27:19,3,6,2,3,2,4,2,6,3,6,2,4,4,3,4,3,3,,
333,2018-05-27 20:49:23,6,4,4,5,3,1,1,4,2,4,1,4,4,4,5,1,1,,
334,2018-10-30 11:28:03,5,2,4,2,4,2,1,5,5,1,3,4,5,5,5,5,2,,
335,2018-10-30 12:09:17,7,4,1,6,2,5,1,6,1,3,1,3,6,5,5,1,1,,
336,2018-10-30 13:01:56,5,3,4,5,4,3,3,4,4,3,4,4,7,7,6,3,4,,
337,2018-10-30 13:25:05,6,3,6,6,5,3,3,5,6,2,5,2,5,5,5,3,2,,
338,2018-10-30 20:55:14,5,2,5,6,5,2,1,6,4,1,6,2,6,6,6,2,1,,
339,2018-10-30 21:23:47,6,3,5,6,5,2,4,6,6,2,6,3,6,7,5,3,2,,
340,2018-10-31 07:11:11,5,4,4,6,4,3,2,5,5,3,1,4,4,3,6,1,2,,
341,2018-10-31 09:42:06,4,1,3,5,4,1,2,5,2,1,5,4,5,4,5,2,2,,
342,2018-10-31 10:19:28,5,3,4,5,3,3,1,5,3,6,3,4,5,4,4,3,2,,
343,2018-10-31 14:17:47,4,5,6,4,4,1,1,6,5,4,4,4,7,7,5,2,1,,
344,2018-10-31 16:26:49,5,2,6,6,6,3,3,5,4,2,4,2,5,4,3,2,2,,
345,2018-10-31 16:28:01,6,5,4,6,6,3,1,7,5,7,3,2,5,5,6,1,3,,
346,2018-10-31 17:36:14,4,1,4,5,3,1,4,5,3,2,4,4,5,6,6,3,1,,
347,2018-10-31 18:49:38,5,7,5,5,6,3,1,5,6,7,5,6,5,6,6,1,1,,
348,2018-10-31 22:17:43,5,2,3,5,2,2,1,5,1,4,4,4,5,5,5,1,1,,
349,2018-11-01 00:28:40,6,2,5,6,5,2,2,6,6,4,4,2,4,6,6,2,2,,
350,2018-11-01 08:24:48,5,4,4,5,4,3,1,6,4,3,4,4,4,4,5,4,3,,
351,2018-11-01 09:22:05,7,3,6,7,4,2,2,7,4,6,3,2,5,5,5,2,1,,
352,2018-11-01 09:33:48,7,4,4,7,7,2,2,6,3,2,3,3,6,5,5,1,1,,
353,2018-11-01 10:00:07,4,2,5,4,5,2,1,5,3,4,3,3,6,6,5,1,2,,
354,2018-11-01 20:57:19,6,3,3,4,4,2,1,6,5,3,4,4,5,6,7,1,1,,
355,2018-11-02 13:45:43,6,3,7,7,7,1,5,6,7,1,7,1,6,7,6,7,6,,
356,2018-11-02 13:59:58,5,4,3,7,3,7,1,4,3,5,4,7,5,4,6,1,3,,
357,2018-11-02 23:30:55,7,4,4,5,4,1,1,6,4,3,4,2,4,5,6,1,1,,
358,2018-11-03 08:56:13,6,3,2,6,3,5,1,5,3,4,2,3,5,4,5,1,2,,
359,2018-11-03 11:34:55,4,2,1,4,1,2,1,3,1,5,1,6,3,3,5,1,1,,
360,2018-11-03 18:19:09,4,4,1,7,3,2,1,5,1,5,1,6,6,5,4,1,3,,
361,2018-11-03 18:54:49,6,3,1,7,3,1,1,7,1,5,5,7,7,7,6,1,1,,
362,2018-11-04 00:34:25,4,3,4,5,3,2,1,5,3,4,4,4,5,5,5,1,4,,
363,2018-11-04 14:49:45,7,4,4,6,3,4,1,6,5,2,6,4,6,6,7,3,2,,
364,2018-11-04 15:00:36,6,4,2,4,1,6,1,5,2,1,4,3,6,6,6,4,1,,
365,2018-11-04 15:47:29,5,4,3,2,5,2,2,5,2,2,3,2,6,6,6,4,2,,
366,2018-11-04 15:59:18,4,3,3,5,3,3,3,6,4,5,4,4,5,4,5,1,3,,
367,2018-11-04 21:08:58,3,2,3,4,2,5,1,4,2,4,1,3,5,4,5,2,1,,
368,2018-11-04 21:09:29,5,2,2,4,2,3,1,5,2,2,1,4,2,2,4,1,2,,
369,2018-11-05 09:48:02,5,4,4,6,2,1,1,7,4,3,1,3,6,7,7,1,4,,
370,2018-11-05 10:21:17,6,4,2,6,1,2,1,4,2,2,2,7,6,6,6,1,4,,
371,2018-11-05 19:26:50,6,2,5,6,5,1,2,6,5,2,5,5,6,7,7,3,2,,
372,2018-11-05 20:54:54,6,6,2,6,4,2,2,6,5,2,5,4,7,6,7,2,1,,
373,2018-11-05 22:08:42,6,4,4,6,5,2,1,6,4,4,5,4,5,3,5,2,2,,
374,2018-11-05 23:22:32,4,2,2,7,2,4,1,6,2,5,2,3,5,5,6,2,3,,
375,2018-11-06 11:25:06,4,4,1,4,2,1,1,6,1,1,1,7,2,4,5,1,2,,
376,2018-11-06 20:08:11,5,4,6,3,2,6,5,6,3,4,4,4,6,4,6,6,2,,
377,2018-11-07 04:40:46,6,2,3,6,4,2,1,5,4,5,2,3,5,5,5,4,1,,
378,2018-11-07 22:39:37,4,3,4,4,6,1,4,4,3,1,2,3,4,3,4,3,1,,
379,2018-11-07 23:06:56,6,1,5,4,3,1,1,5,2,1,1,1,3,4,6,3,1,,
380,2018-11-08 12:34:13,7,2,4,7,3,1,1,7,3,1,4,4,7,7,7,3,2,,
381,2018-11-08 14:33:19,4,2,5,4,5,3,1,6,2,5,2,3,5,6,5,1,2,,
382,2018-11-08 22:45:12,5,3,1,6,2,1,3,6,3,6,2,4,6,6,5,3,6,,
383,2018-11-09 21:34:50,5,4,5,6,4,2,2,6,6,3,4,3,6,6,6,2,5,,
384,2018-11-10 12:28:27,5,4,1,5,3,2,1,5,4,5,2,7,4,6,6,1,2,,
385,2018-11-11 14:08:04,5,3,5,5,4,2,4,6,6,2,4,3,5,5,6,5,2,,
386,2018-11-12 17:33:20,6,2,2,7,1,1,1,7,2,3,3,1,6,6,7,2,1,,
387,2018-11-13 10:15:01,6,2,5,6,5,1,1,7,4,1,6,2,6,6,6,1,1,,
388,2018-11-13 14:00:53,5,1,6,5,6,6,3,6,3,2,5,4,6,6,7,2,6,,
389,2018-11-19 20:54:11,6,4,2,6,4,6,2,5,2,5,2,6,6,5,5,1,2,,
390,2019-05-02 15:28:44,4,4,2,5,2,2,1,7,3,5,4,4,4,5,5,1,1,,
391,2019-05-02 16:28:52,5,4,5,5,4,3,2,5,5,3,4,3,5,5,5,5,2,,
392,2019-05-03 18:51:34,6,3,3,7,4,1,1,5,3,6,2,5,7,7,7,5,2,,
393,2019-05-03 22:05:04,5,4,3,5,3,3,2,4,5,4,4,3,5,6,7,2,4,,
394,2019-05-04 11:21:52,5,3,4,5,2,2,1,5,2,6,1,6,6,4,6,1,2,,
395,2019-05-04 13:11:29,6,1,4,6,3,1,1,7,4,4,1,3,7,7,7,1,2,,
396,2019-05-04 15:10:33,7,1,1,7,1,7,1,7,1,4,4,1,7,7,7,1,1,,
397,2019-05-04 15:28:34,4,2,6,5,3,3,2,5,4,4,5,3,4,5,7,5,3,,
398,2019-05-04 15:35:01,6,4,4,4,4,2,1,6,3,1,4,2,4,3,6,3,1,,
399,2019-05-04 18:07:49,5,6,1,7,1,6,1,5,4,7,2,4,7,4,5,1,6,,
400,2019-05-04 19:21:56,5,3,3,4,3,3,1,6,3,4,4,3,5,7,5,2,1,,
401,2019-05-04 19:46:08,7,4,4,4,5,2,1,6,4,3,1,3,5,6,5,1,2,,
402,2019-05-05 08:20:11,6,1,1,6,1,2,1,5,1,6,3,6,5,5,5,1,1,,
403,2019-05-05 12:17:34,5,2,4,5,4,2,1,4,4,1,4,1,4,5,4,7,7,,
404,2019-05-05 13:18:20,6,3,7,7,7,2,3,6,7,2,7,2,6,5,6,4,4,,
405,2019-05-05 14:05:13,5,3,5,6,4,2,3,5,4,3,4,3,6,6,5,3,2,,
406,2019-05-05 16:08:58,5,2,3,4,3,2,2,5,2,2,2,2,5,5,5,2,2,,
407,2019-05-05 21:51:32,4,3,2,4,4,3,1,4,1,1,4,2,4,2,4,1,2,,
408,2019-05-06 08:17:44,6,1,3,7,1,3,1,6,1,1,1,1,5,5,7,1,1,,
409,2019-05-06 15:11:59,4,3,4,6,4,2,1,5,1,3,4,2,4,5,5,1,3,,
410,2019-05-06 15:14:16,6,2,1,4,3,1,1,6,1,5,1,1,6,6,6,1,1,,
411,2019-05-06 15:35:07,6,2,3,6,2,1,1,6,2,3,3,3,6,6,6,1,1,,
412,2019-05-06 18:16:28,7,4,4,6,5,1,1,7,6,1,5,4,6,6,6,4,2,,
413,2019-05-06 18:26:21,5,5,3,5,4,5,5,4,5,3,3,3,5,6,6,6,3,,
414,2019-05-06 22:47:09,4,3,4,5,4,3,1,4,3,4,3,3,4,4,4,1,2,,
415,2019-05-07 10:28:29,6,4,6,6,5,2,2,6,2,1,4,2,5,5,4,5,2,,
416,2019-05-07 18:28:41,4,4,4,5,1,1,1,5,1,2,1,1,5,5,5,1,1,,
417,2019-05-07 21:09:58,5,4,3,4,3,4,2,3,4,6,3,2,2,3,5,4,4,,
418,2019-05-07 21:19:48,6,3,3,7,3,1,1,6,2,2,2,6,6,5,4,6,4,,
419,2019-05-07 22:39:47,4,4,5,4,2,3,1,6,4,4,4,2,3,7,6,4,3,,
420,2019-05-07 22:45:40,5,1,1,4,1,3,1,1,1,5,1,2,2,4,4,1,1,,
421,2019-05-08 07:38:43,5,1,1,4,2,1,1,6,1,4,1,4,5,5,6,3,1,,
422,2019-05-08 08:03:11,5,3,2,6,2,2,1,6,4,2,2,2,5,5,5,3,2,,
423,2019-05-08 10:09:25,5,1,2,4,3,1,1,6,2,4,4,2,6,6,5,1,2,,
424,2019-05-08 10:18:45,6,4,2,4,2,2,1,6,1,4,2,5,5,5,5,2,4,,
425,2019-05-08 17:09:40,5,4,3,5,4,4,2,5,4,4,4,4,5,5,5,2,4,,
426,2019-05-08 19:42:31,5,1,7,7,5,1,2,5,5,3,5,1,7,7,6,4,2,,
427,2019-05-08 20:30:15,4,2,3,4,3,5,1,5,3,3,3,4,4,4,5,3,2,,
428,2019-05-08 21:29:06,6,4,1,4,2,4,1,5,3,4,3,6,5,5,6,1,2,,
429,2019-05-08 21:30:27,6,2,6,6,6,2,4,6,6,2,6,2,7,7,7,2,2,,
430,2019-05-08 21:33:46,5,3,4,5,4,2,2,7,4,4,5,3,6,6,6,3,2,,
431,2019-05-09 08:12:31,6,4,3,6,2,4,1,7,2,4,2,4,5,6,7,2,2,,
432,2019-05-09 18:22:28,6,3,1,6,1,1,1,7,3,3,1,3,6,5,6,3,2,,
433,2019-05-09 19:54:21,5,2,2,4,3,3,1,3,3,2,1,3,4,4,4,1,2,,
434,2019-05-10 09:01:39,5,4,2,4,2,2,1,5,2,3,2,6,5,4,6,2,2,,
435,2019-05-10 09:58:33,4,4,2,5,5,1,2,4,4,2,3,2,4,5,6,5,2,,
436,2019-05-10 10:23:28,5,1,4,6,3,2,4,5,5,3,2,2,3,3,5,2,2,,
437,2019-05-10 19:31:57,6,4,2,4,2,4,1,5,4,4,4,4,5,6,6,1,4,,
438,2019-05-10 22:14:09,5,3,3,4,2,3,1,6,2,4,2,6,4,4,5,3,2,,
439,2019-05-11 07:55:28,6,3,3,4,3,3,3,5,2,4,2,2,5,5,4,3,2,,
440,2019-05-11 13:48:36,4,3,4,4,3,3,1,5,3,3,3,3,4,5,5,2,2,,
441,2019-05-13 12:17:19,5,3,6,4,7,2,4,5,6,2,4,1,4,6,5,2,4,,
442,2019-05-13 16:08:26,5,2,3,6,4,2,1,7,1,4,4,1,6,5,6,2,1,,
443,2019-05-13 19:20:19,4,4,3,5,3,4,2,4,2,5,3,6,5,5,6,5,4,,
444,2019-05-13 20:45:43,5,2,5,4,5,2,1,6,4,5,7,1,6,6,6,2,2,,
445,2019-05-14 21:57:54,5,4,1,6,3,2,1,6,2,2,2,7,6,6,6,1,4,,
446,2019-05-15 07:33:39,5,1,1,2,2,1,1,3,2,4,1,2,4,3,4,1,2,,
447,2019-05-15 10:04:36,5,4,3,5,3,3,2,5,3,4,3,3,5,4,5,2,2,,
448,2019-05-15 11:22:42,7,1,4,6,4,2,2,7,3,3,4,3,6,6,6,1,2,,
449,2019-05-15 11:24:49,6,2,6,7,2,1,1,7,5,2,1,1,6,7,7,1,1,,
450,2019-05-15 14:19:50,5,4,3,5,2,3,1,5,3,4,4,5,6,5,5,2,2,,
451,2019-05-15 14:28:40,4,3,5,4,2,4,1,5,4,4,3,3,5,4,5,3,4,,
452,2019-05-15 18:33:09,5,3,6,6,5,1,1,7,6,1,4,1,6,7,7,2,1,,
453,2019-05-15 19:35:48,7,4,4,3,3,6,2,5,3,5,4,2,2,4,5,3,2,,
454,2019-05-15 21:27:31,6,1,7,6,5,2,1,7,6,1,6,2,7,7,7,1,1,,
455,2019-05-15 23:00:59,5,3,4,6,4,3,3,5,4,4,4,4,5,4,5,3,4,,
456,2019-05-16 07:32:08,6,4,3,6,3,2,1,5,3,3,3,3,5,5,4,1,3,,
457,2019-05-16 09:13:26,6,2,7,7,6,2,2,7,7,2,6,1,7,7,7,4,3,,
458,2019-05-16 10:28:04,5,4,3,2,3,2,2,2,3,3,4,5,3,1,2,2,2,,
459,2019-05-16 14:33:21,5,3,2,4,1,2,2,4,2,2,3,4,4,4,4,2,2,,
460,2019-05-19 19:01:05,3,4,7,4,3,6,1,5,5,6,4,3,5,7,7,1,4,,
461,2019-05-20 21:50:34,4,1,1,1,5,1,1,5,4,1,1,1,1,4,1,1,1,,
