"num","Date","i01","i02","i03","i04","i05","i06","i07","i08","i09","i10","i11","i12","i13","i14","i15","i16","i17","gen","age","Dominancia","Prestigio"
1,"22/05/2017 15:34",1,4,3,3,6,4,4,3,5,4,7,7,7,4,1,2,5,NA,NA,4,3.33333333333333
2,"24/05/2017 8:48",5,3,4,3,5,3,3,4,3,2,5,4,4,5,5,5,4,NA,NA,4.375,4.44444444444444
3,"24/05/2017 11:44",5,4,4,7,3,1,1,7,4,1,5,2,5,7,7,1,1,NA,NA,3.875,6.22222222222222
4,"24/05/2017 11:51",6,4,7,6,5,1,1,6,5,1,3,1,4,4,5,1,2,NA,NA,4.5,5.33333333333333
5,"24/05/2017 13:30",6,2,4,7,3,1,1,6,2,3,1,3,6,6,6,1,1,NA,NA,2.75,6.33333333333333
6,"24/05/2017 13:33",5,3,7,6,5,2,1,7,6,1,5,1,6,5,7,1,1,NA,NA,4.875,6
7,"24/05/2017 13:39",4,4,4,5,4,5,2,6,5,6,4,5,2,2,4,4,7,NA,NA,3.5,3.44444444444444
8,"24/05/2017 13:42",4,3,3,3,4,4,3,4,3,4,3,4,4,4,4,3,3,NA,NA,3.375,4.11111111111111
9,"24/05/2017 13:45",4,1,2,4,3,2,1,5,2,1,1,1,4,4,5,1,1,NA,NA,3,5.11111111111111
10,"24/05/2017 13:58",6,2,2,7,6,6,1,6,4,3,4,3,5,6,6,2,2,NA,NA,3.625,5.55555555555556
11,"24/05/2017 14:01",6,3,3,5,3,2,1,6,3,4,2,4,6,6,6,1,1,NA,NA,2.625,5.88888888888889
12,"24/05/2017 14:06",6,2,4,5,3,1,1,6,4,1,2,2,6,5,6,1,1,NA,NA,3.5,6
13,"24/05/2017 14:13",6,2,2,5,3,1,2,6,3,2,2,6,6,5,5,1,2,NA,NA,2.625,5.77777777777778
14,"24/05/2017 14:23",7,3,6,6,6,1,3,6,6,2,5,2,7,6,6,2,2,NA,NA,5,6.22222222222222
15,"24/05/2017 14:32",5,4,2,5,4,2,1,5,2,2,1,6,5,4,6,4,1,NA,NA,2.75,5.22222222222222
16,"24/05/2017 14:51",4,1,2,5,1,4,1,5,4,2,2,2,5,6,5,1,5,NA,NA,2.875,4.88888888888889
17,"24/05/2017 17:34",6,2,4,5,4,4,2,6,4,4,4,4,5,6,6,2,2,NA,NA,3.5,5.55555555555556
18,"24/05/2017 18:04",6,3,4,5,4,1,1,6,1,2,3,2,6,6,6,1,1,NA,NA,3.25,6
19,"24/05/2017 18:11",5,3,5,4,6,2,1,4,4,2,5,2,5,5,5,1,1,NA,NA,4.25,5.11111111111111
20,"24/05/2017 18:23",4,2,3,5,3,1,2,5,3,4,3,3,4,5,5,2,3,NA,NA,3.125,5.11111111111111
21,"24/05/2017 18:31",5,5,7,6,6,2,1,6,6,4,5,2,6,6,5,4,5,NA,NA,4.875,5.11111111111111
22,"24/05/2017 18:37",5,3,5,4,4,4,2,5,5,2,2,2,5,4,5,5,4,NA,NA,4.375,4.55555555555556
23,"24/05/2017 19:11",6,3,3,4,4,1,2,6,3,1,3,2,5,6,4,2,2,NA,NA,3.75,5.44444444444444
24,"24/05/2017 19:39",6,4,5,7,7,7,2,7,7,7,6,1,7,6,6,1,7,NA,NA,4.5,5
25,"24/05/2017 20:06",6,5,4,6,4,2,1,5,3,3,5,4,4,5,6,3,3,NA,NA,3.625,5.11111111111111
26,"24/05/2017 20:13",6,2,4,6,4,1,3,6,4,1,5,3,6,4,6,6,3,NA,NA,4.75,5.77777777777778
27,"24/05/2017 20:46",4,2,5,4,4,5,1,2,4,2,4,2,4,4,5,3,2,NA,NA,4.125,4.22222222222222
28,"24/05/2017 21:27",7,2,4,5,5,1,1,4,2,7,4,4,5,5,5,1,1,NA,NA,2.75,5.66666666666667
29,"24/05/2017 21:53",7,2,4,6,3,2,1,6,5,2,5,3,6,6,1,1,2,NA,NA,3.75,5.55555555555556
30,"24/05/2017 22:22",5,4,5,5,4,5,1,5,4,4,4,3,4,5,5,2,2,NA,NA,3.625,4.66666666666667
31,"24/05/2017 23:28",6,4,2,7,2,2,1,6,2,5,4,5,5,6,5,1,2,NA,NA,2.25,5.66666666666667
32,"24/05/2017 23:36",6,3,5,5,4,2,2,6,5,2,5,4,6,6,6,3,3,NA,NA,4.25,5.66666666666667
33,"25/05/2017 0:16",5,4,4,6,3,2,2,6,5,2,4,3,6,5,5,4,2,NA,NA,4.125,5.44444444444444
34,"25/05/2017 8:47",5,2,2,5,3,3,2,6,2,6,4,5,6,6,6,2,6,NA,NA,2.5,5.22222222222222
35,"25/05/2017 8:50",4,2,3,3,2,4,1,5,4,4,2,3,2,3,2,3,1,NA,NA,3,4
36,"25/05/2017 9:35",7,1,3,7,6,1,2,7,5,2,5,1,5,7,7,1,1,NA,NA,4.375,6.77777777777778
37,"25/05/2017 9:58",5,3,5,4,6,4,2,7,6,3,4,3,7,7,7,6,6,NA,NA,4.875,5.33333333333333
38,"25/05/2017 14:32",5,3,5,5,5,2,4,5,6,2,5,2,5,6,6,3,3,NA,NA,5,5.33333333333333
39,"25/05/2017 15:20",5,2,4,4,5,4,1,5,3,4,1,5,5,6,6,4,1,NA,NA,3.125,5.33333333333333
40,"25/05/2017 21:50",6,4,2,6,4,5,1,7,2,4,5,7,5,5,7,1,1,NA,NA,2.5,5.55555555555556
41,"25/05/2017 23:05",5,3,4,3,4,3,1,4,3,4,2,3,4,3,4,1,2,NA,NA,3,4.33333333333333
42,"25/05/2017 23:53",7,1,1,7,1,1,1,7,1,6,1,1,4,2,6,1,1,NA,NA,1.875,6
43,"26/05/2017 12:45",5,4,5,4,4,3,5,6,5,4,3,4,6,6,5,2,6,NA,NA,4,4.77777777777778
44,"26/05/2017 12:58",7,4,4,6,4,2,2,5,5,4,4,3,6,5,5,3,2,NA,NA,3.875,5.55555555555556
45,"26/05/2017 13:34",4,1,5,3,2,6,1,7,4,5,3,2,2,4,4,2,1,NA,NA,3.25,4.44444444444444
46,"26/05/2017 15:20",6,2,5,4,3,2,1,6,6,2,6,2,6,6,6,2,3,NA,NA,4.375,5.66666666666667
47,"26/05/2017 15:37",6,4,4,4,2,2,1,6,2,2,3,3,7,6,6,1,2,NA,NA,3,5.66666666666667
48,"26/05/2017 16:31",6,2,5,7,4,2,1,7,2,3,4,2,6,7,6,2,1,NA,NA,3.625,6.44444444444444
49,"26/05/2017 17:11",6,2,5,5,3,5,3,5,6,4,5,2,3,6,5,2,2,NA,NA,4.25,5
50,"26/05/2017 17:19",5,1,1,6,4,1,1,7,4,1,1,3,6,6,7,1,1,NA,NA,3,6.44444444444444
51,"26/05/2017 17:25",6,5,4,7,3,2,1,6,3,2,4,4,5,5,6,2,1,NA,NA,3.375,5.66666666666667
52,"26/05/2017 20:22",6,2,2,5,3,2,1,6,3,2,2,4,5,5,6,2,1,NA,NA,2.875,5.77777777777778
53,"27/05/2017 10:45",4,3,4,4,3,3,1,5,4,4,2,2,2,4,4,1,1,NA,NA,3.125,4.44444444444444
54,"27/05/2017 12:25",4,1,4,4,4,1,1,4,4,1,4,2,4,5,5,1,2,NA,NA,3.875,5.11111111111111
55,"27/05/2017 15:53",6,2,4,6,2,1,1,6,4,1,4,1,6,6,6,3,1,NA,NA,4,6.22222222222222
56,"27/05/2017 16:25",6,2,4,6,3,2,2,6,3,4,4,3,7,6,6,2,2,NA,NA,3.375,6.11111111111111
57,"27/05/2017 20:19",4,2,6,3,2,1,1,5,5,2,5,3,5,5,6,3,1,NA,NA,4.125,5.33333333333333
58,"27/05/2017 21:12",4,6,1,4,5,3,1,5,1,7,2,7,3,3,1,3,5,NA,NA,1.875,3.33333333333333
59,"28/05/2017 9:43",5,3,3,3,3,3,1,7,3,3,3,3,3,3,3,3,3,NA,NA,3.25,4.33333333333333
60,"28/05/2017 13:39",3,4,2,4,5,4,1,4,1,4,1,1,4,5,6,1,2,NA,NA,2.75,4.44444444444444
61,"28/05/2017 16:17",5,1,4,6,4,1,1,5,1,4,1,1,6,6,5,1,1,NA,NA,2.875,6
62,"29/05/2017 12:04",6,4,2,4,1,5,1,6,3,4,3,4,6,7,6,3,4,NA,NA,2.625,5.11111111111111
63,"29/05/2017 14:00",6,4,7,7,5,2,5,6,4,2,5,2,5,6,4,2,5,NA,NA,5,5.22222222222222
64,"29/05/2017 14:01",5,4,4,4,5,3,4,4,4,4,5,4,4,4,4,4,4,NA,NA,4.25,4.22222222222222
65,"29/05/2017 15:27",6,3,2,4,5,4,1,5,2,2,2,2,4,2,4,2,3,NA,NA,3.25,4.33333333333333
66,"29/05/2017 15:41",6,4,4,7,4,1,1,7,3,1,5,1,7,7,7,1,1,NA,NA,4,6.55555555555556
67,"29/05/2017 16:06",6,2,6,6,4,1,1,6,3,1,4,1,4,5,5,3,1,NA,NA,4.375,5.77777777777778
68,"29/05/2017 17:00",5,3,4,4,1,3,1,5,3,6,1,6,3,4,5,1,2,NA,NA,1.875,4.66666666666667
69,"29/05/2017 20:13",4,7,4,3,2,4,1,4,1,7,2,5,2,5,2,1,4,NA,NA,1.875,3.22222222222222
70,"29/05/2017 21:49",4,3,5,4,4,3,2,6,4,5,5,2,5,5,5,4,2,NA,NA,4.125,5
71,"30/05/2017 0:31",5,3,3,5,4,2,1,6,2,2,2,6,4,5,5,4,2,NA,NA,3,5.22222222222222
72,"30/05/2017 9:04",5,1,4,4,1,2,1,5,1,4,1,4,5,4,5,1,1,NA,NA,2.125,5.33333333333333
73,"30/05/2017 9:14",5,1,2,5,3,1,1,4,3,6,2,2,4,4,4,2,1,NA,NA,2.625,5.22222222222222
74,"30/05/2017 11:27",4,2,4,5,2,2,1,7,3,2,4,2,5,5,5,1,1,NA,NA,3.375,5.55555555555556
75,"30/05/2017 12:53",4,4,4,4,5,4,2,5,5,3,4,4,5,5,6,5,7,NA,NA,4.25,4.22222222222222
76,"30/05/2017 13:13",5,4,5,6,5,3,2,6,3,4,3,3,5,5,6,2,2,NA,NA,3.625,5.33333333333333
77,"30/05/2017 13:19",5,1,4,5,4,4,1,5,4,6,5,6,4,4,4,1,2,NA,NA,2.875,4.88888888888889
78,"30/05/2017 16:59",6,3,2,5,4,2,1,7,1,4,5,2,6,6,7,1,1,NA,NA,3,6.11111111111111
79,"30/05/2017 19:55",5,6,7,7,2,2,1,7,7,1,5,6,7,7,2,7,4,NA,NA,4.75,5.22222222222222
80,"30/05/2017 20:28",5,1,1,4,1,1,1,4,1,4,1,6,3,4,5,1,1,NA,NA,1.5,5.11111111111111
81,"30/05/2017 20:41",6,5,5,4,4,2,2,6,5,1,4,2,6,6,6,4,2,NA,NA,4.625,5.44444444444444
82,"30/05/2017 21:00",6,4,2,7,4,4,1,4,1,7,4,7,4,6,4,4,4,NA,NA,2.25,4.77777777777778
83,"30/05/2017 21:04",5,2,3,4,3,1,1,6,4,2,2,3,5,5,6,2,1,NA,NA,3.25,5.66666666666667
84,"30/05/2017 21:09",5,4,6,6,4,1,1,5,5,2,5,1,6,6,6,1,4,NA,NA,4.375,5.44444444444444
85,"30/05/2017 22:36",5,5,5,2,4,2,3,6,5,2,3,2,5,4,5,2,2,NA,NA,4.25,4.66666666666667
86,"31/05/2017 0:55",7,1,3,7,4,1,1,7,4,4,1,4,7,7,6,1,1,NA,NA,2.75,6.88888888888889
87,"31/05/2017 3:02",6,3,4,5,5,4,1,6,4,4,4,4,7,5,4,1,3,NA,NA,3.375,5.22222222222222
88,"31/05/2017 7:50",4,2,6,5,5,2,4,6,6,1,5,1,6,5,5,1,2,NA,NA,5.125,5.44444444444444
89,"31/05/2017 9:48",5,2,4,4,2,3,1,6,3,5,3,3,5,5,4,1,1,NA,NA,2.75,5.22222222222222
90,"31/05/2017 11:14",3,3,2,3,3,4,3,4,3,3,3,5,4,4,3,3,3,NA,NA,3.125,3.88888888888889
91,"31/05/2017 13:12",7,2,3,6,1,1,1,6,2,3,1,3,6,5,6,1,1,NA,NA,2.375,6.22222222222222
92,"31/05/2017 13:33",6,4,4,5,5,2,1,5,4,1,4,2,5,5,6,1,1,NA,NA,4,5.44444444444444
93,"31/05/2017 13:34",3,7,2,5,1,2,1,5,2,6,4,3,5,5,5,1,6,NA,NA,2.25,4.11111111111111
94,"31/05/2017 13:56",4,3,4,4,5,3,5,5,3,4,5,4,5,5,5,3,4,NA,NA,4.125,4.66666666666667
95,"31/05/2017 17:07",5,2,2,4,1,1,2,7,2,3,1,2,5,5,6,1,2,NA,NA,2.5,5.66666666666667
96,"31/05/2017 18:11",5,2,4,4,4,2,1,6,4,1,1,6,2,4,4,1,1,NA,NA,3,4.88888888888889
97,"31/05/2017 19:02",6,3,3,4,5,2,1,6,5,4,4,3,2,6,6,6,2,NA,NA,4.125,5.22222222222222
98,"31/05/2017 19:03",6,3,1,5,2,2,1,6,2,2,2,3,6,5,6,1,1,NA,NA,2.5,5.77777777777778
99,"31/05/2017 20:57",5,3,1,6,3,4,1,5,4,4,1,2,1,3,4,1,1,NA,NA,2.625,4.44444444444444
100,"31/05/2017 21:38",4,5,2,6,2,2,1,6,1,5,1,5,4,5,6,1,3,NA,NA,1.75,5
101,"31/05/2017 21:42",5,3,1,6,2,1,1,6,1,2,5,2,5,6,6,1,1,NA,NA,2.875,5.88888888888889
102,"31/05/2017 21:53",5,1,1,7,4,1,1,7,1,5,3,6,7,7,6,1,1,NA,NA,2,6.66666666666667
103,"31/05/2017 22:43",5,4,1,5,2,5,1,4,1,4,1,1,5,5,4,3,5,NA,NA,2.5,4.22222222222222
104,"31/05/2017 23:24",5,2,4,5,5,2,1,6,5,3,5,3,5,6,7,2,3,NA,NA,4,5.66666666666667
105,"1/06/2017 0:05",5,3,4,4,3,2,1,5,3,3,4,3,5,6,6,3,3,NA,NA,3.5,5.22222222222222
106,"1/06/2017 8:40",7,1,4,6,1,1,1,7,5,1,4,1,7,7,7,1,1,NA,NA,3.75,6.88888888888889
107,"1/06/2017 10:29",6,4,6,5,6,2,2,6,6,1,6,2,6,6,6,5,2,NA,NA,5.5,5.66666666666667
108,"1/06/2017 10:30",5,1,1,7,1,1,1,4,1,4,1,1,5,4,4,1,1,NA,NA,2.125,5.55555555555556
109,"1/06/2017 15:45",6,5,5,7,5,1,1,6,4,1,4,1,4,6,6,6,1,NA,NA,4.875,5.77777777777778
110,"1/06/2017 15:47",6,1,7,6,6,1,2,6,7,1,6,1,6,6,7,3,1,NA,NA,5.625,6.44444444444444
111,"2/06/2017 15:03",5,3,2,4,3,1,1,6,1,7,4,5,5,6,6,1,3,NA,NA,2,5.44444444444444
112,"2/06/2017 15:16",4,4,6,4,3,2,1,6,5,4,3,2,4,5,6,3,4,NA,NA,3.875,4.77777777777778
113,"2/06/2017 16:33",4,2,4,3,2,6,7,4,1,5,4,2,4,6,4,1,3,NA,NA,3.5,4.22222222222222
114,"2/06/2017 16:53",6,2,5,6,2,3,1,5,5,2,5,2,6,6,6,3,4,NA,NA,4.125,5.55555555555556
115,"2/06/2017 20:07",5,2,3,5,2,2,1,5,2,4,3,6,5,5,6,2,2,NA,NA,2.375,5.44444444444444
116,"2/06/2017 20:34",6,2,7,7,6,2,1,7,7,1,7,1,7,7,7,2,2,NA,NA,5.5,6.55555555555556
117,"2/06/2017 21:30",5,4,4,6,3,2,1,6,2,2,4,4,6,6,6,1,1,NA,NA,3.125,5.77777777777778
118,"2/06/2017 21:35",5,2,2,6,1,1,1,6,2,2,4,5,6,6,6,2,2,NA,NA,2.625,6
119,"2/06/2017 22:55",4,4,3,4,4,2,1,6,2,5,3,5,4,6,5,3,1,NA,NA,2.75,5.11111111111111
120,"2/06/2017 23:51",3,3,4,2,3,4,1,5,4,5,2,3,3,3,3,1,3,NA,NA,2.875,3.66666666666667
121,"3/06/2017 9:54",6,3,5,7,4,4,1,5,5,5,6,3,4,6,5,1,2,NA,NA,3.75,5.33333333333333
122,"3/06/2017 12:34",6,4,1,6,1,6,1,6,1,5,4,1,6,6,7,1,1,NA,NA,2.375,5.55555555555556
123,"3/06/2017 14:07",6,3,5,6,6,3,3,5,6,2,6,3,6,6,6,2,6,NA,NA,4.875,5.22222222222222
124,"3/06/2017 21:19",3,3,4,2,4,2,1,4,2,3,3,4,4,3,4,2,2,NA,NA,3.125,4.11111111111111
125,"3/06/2017 23:56",7,2,4,5,3,1,1,4,4,2,3,2,5,5,6,2,1,NA,NA,3.625,5.77777777777778
126,"4/06/2017 13:43",4,3,4,5,4,3,1,6,3,1,3,3,5,5,6,4,1,NA,NA,3.875,5.33333333333333
127,"5/06/2017 20:39",5,2,3,5,4,2,1,5,3,1,3,3,5,5,6,4,3,NA,NA,3.75,5.33333333333333
128,"6/06/2017 11:33",4,2,4,6,2,2,1,7,4,3,3,3,6,5,4,1,1,NA,NA,3.125,5.66666666666667
129,"6/06/2017 15:59",5,3,5,2,6,2,3,6,5,2,5,2,5,5,5,3,2,NA,NA,4.875,5
130,"7/06/2017 9:07",6,1,1,5,1,1,1,7,1,5,2,1,7,7,7,1,1,NA,NA,2.125,6.66666666666667
131,"8/06/2017 9:18",5,2,4,5,4,2,4,5,2,3,3,3,5,5,5,3,6,NA,NA,3.75,4.88888888888889
132,"8/06/2017 12:14",5,3,5,6,3,2,2,6,6,2,5,2,5,6,6,3,2,NA,NA,4.5,5.66666666666667
133,"9/06/2017 16:23",5,4,3,5,3,3,2,5,2,3,3,4,5,5,5,2,2,NA,NA,3,5
134,"30/10/2017 11:14",5,3,3,4,3,2,1,4,1,6,1,7,2,2,2,1,1,NA,NA,1.625,4.11111111111111
135,"30/10/2017 11:36",5,2,4,5,6,2,3,7,6,1,7,1,5,5,7,4,1,NA,NA,5.5,5.88888888888889
136,"30/10/2017 11:44",5,4,2,5,4,1,1,6,4,1,6,2,4,4,6,4,3,NA,NA,4.25,5.11111111111111
137,"30/10/2017 11:58",5,5,4,6,6,1,1,6,1,1,4,1,6,4,7,2,1,NA,NA,4,5.66666666666667
138,"30/10/2017 12:00",6,2,4,2,3,4,3,5,6,6,4,2,2,6,6,6,6,NA,NA,4.25,4.33333333333333
139,"30/10/2017 12:05",5,3,4,7,3,1,1,1,3,1,1,3,7,7,7,4,1,NA,NA,3.5,5.88888888888889
140,"30/10/2017 12:46",5,4,4,4,2,4,1,4,4,3,4,4,4,4,3,1,2,NA,NA,3.125,4.22222222222222
141,"30/10/2017 12:50",2,1,4,5,4,1,1,5,4,3,4,3,4,4,5,2,2,NA,NA,3.625,5
142,"30/10/2017 13:28",5,3,5,5,6,2,3,5,6,4,5,2,5,6,5,1,2,NA,NA,4.5,5.33333333333333
143,"30/10/2017 13:31",4,2,2,4,2,2,1,5,1,3,2,2,1,4,4,1,5,NA,NA,2.5,4.11111111111111
144,"30/10/2017 13:47",5,3,1,6,3,1,1,5,4,4,1,1,7,5,7,2,1,NA,NA,2.875,6
145,"30/10/2017 14:11",4,3,6,5,6,3,3,4,6,2,4,2,3,3,4,4,3,NA,NA,5.125,4.22222222222222
146,"30/10/2017 14:34",6,2,6,5,5,3,1,6,6,2,6,2,5,4,5,2,1,NA,NA,4.75,5.44444444444444
147,"30/10/2017 15:52",6,4,6,4,6,4,3,6,4,3,5,4,4,6,6,1,4,NA,NA,4.25,4.88888888888889
148,"30/10/2017 16:02",6,4,5,5,5,4,2,4,5,2,5,3,4,4,5,3,3,NA,NA,4.5,4.55555555555556
149,"30/10/2017 16:20",5,4,3,3,5,4,3,5,5,4,3,3,4,4,4,3,1,NA,NA,3.875,4.44444444444444
150,"30/10/2017 16:28",4,3,4,5,6,3,3,5,5,4,5,4,4,5,7,3,3,NA,NA,4.25,5
151,"30/10/2017 16:55",4,1,1,1,1,1,1,3,1,1,1,1,6,6,6,1,4,NA,NA,2.5,4.88888888888889
152,"30/10/2017 17:39",4,3,1,5,3,1,1,5,1,2,2,3,3,6,6,1,2,NA,NA,2.5,5.22222222222222
153,"30/10/2017 18:16",5,4,6,6,3,2,1,6,5,7,3,3,2,4,5,2,2,NA,NA,3.25,4.88888888888889
154,"30/10/2017 18:45",4,4,5,5,4,2,1,6,4,1,3,3,5,5,5,5,1,NA,NA,4.25,5.22222222222222
155,"30/10/2017 19:13",5,2,4,6,4,2,1,5,3,2,3,2,7,6,6,1,1,NA,NA,3.5,6
156,"30/10/2017 19:20",3,3,4,3,3,4,2,4,4,2,3,4,4,3,4,3,2,NA,NA,3.625,4
157,"30/10/2017 23:10",6,4,5,4,5,3,4,5,5,2,5,2,6,6,6,5,4,NA,NA,5.125,5.11111111111111
158,"30/10/2017 23:25",5,2,3,3,3,4,2,5,4,4,3,3,5,5,5,3,1,NA,NA,3.375,5
159,"31/10/2017 0:51",6,4,6,6,5,2,1,7,6,2,5,3,7,7,7,3,2,NA,NA,4.625,6.22222222222222
160,"31/10/2017 7:01",7,4,5,7,7,1,1,7,6,4,4,2,6,7,6,1,2,NA,NA,4.25,6.33333333333333
161,"31/10/2017 8:42",4,3,6,6,6,3,4,5,6,2,6,2,6,6,6,6,6,NA,NA,5.75,5
162,"31/10/2017 10:42",5,3,5,6,3,1,1,6,6,2,4,3,6,7,6,2,2,NA,NA,4,6
163,"31/10/2017 16:12",5,1,4,4,2,2,1,6,2,3,4,3,5,6,5,1,1,NA,NA,3,5.66666666666667
164,"31/10/2017 16:50",5,1,3,5,1,7,1,6,1,1,1,1,6,5,5,1,1,NA,NA,2.75,5.22222222222222
165,"31/10/2017 18:33",5,4,4,5,4,3,2,4,4,4,3,5,5,5,5,3,3,NA,NA,3.375,4.77777777777778
166,"31/10/2017 20:03",5,4,4,4,5,4,3,5,4,4,3,4,4,5,5,2,3,NA,NA,3.625,4.55555555555556
167,"31/10/2017 20:30",6,4,4,5,4,2,1,5,3,3,1,3,5,5,5,1,2,NA,NA,3,5.22222222222222
168,"31/10/2017 20:33",6,3,7,6,5,1,5,7,6,2,6,1,6,6,5,5,1,NA,NA,5.875,6.11111111111111
169,"31/10/2017 21:04",5,4,1,5,1,7,1,7,1,1,1,1,5,5,5,1,1,NA,NA,2.5,4.88888888888889
170,"31/10/2017 21:34",5,4,4,6,3,1,1,6,3,3,3,4,7,7,6,4,1,NA,NA,3.375,6.11111111111111
171,"31/10/2017 21:56",6,7,6,4,4,2,1,6,7,1,2,1,6,6,6,2,2,NA,NA,4.5,5.22222222222222
172,"31/10/2017 22:18",6,4,5,5,4,2,1,6,3,4,2,5,5,3,3,1,1,NA,NA,2.875,5
173,"31/10/2017 22:48",5,4,4,7,3,3,2,6,5,4,3,4,5,6,5,2,3,NA,NA,3.375,5.33333333333333
174,"31/10/2017 23:00",4,3,2,4,4,2,1,6,1,3,2,5,4,4,6,1,4,NA,NA,2.375,4.77777777777778
175,"31/10/2017 23:46",5,4,5,5,4,3,1,6,3,2,4,3,5,6,5,2,2,NA,NA,3.75,5.22222222222222
176,"1/11/2017 7:42",4,3,4,5,4,3,3,5,3,3,3,4,4,5,6,3,3,NA,NA,3.625,4.88888888888889
177,"1/11/2017 7:56",6,3,4,6,3,1,1,6,4,4,4,4,7,5,5,3,2,NA,NA,3.375,5.88888888888889
178,"1/11/2017 8:52",6,2,2,6,2,4,1,5,2,3,2,4,4,4,5,2,4,NA,NA,2.5,4.88888888888889
179,"1/11/2017 12:19",6,2,4,7,3,2,1,7,3,4,3,4,6,5,5,1,1,NA,NA,2.875,6.11111111111111
180,"1/11/2017 14:14",6,7,4,5,3,3,1,7,1,3,5,3,7,6,6,1,1,NA,NA,3.125,5.55555555555556
181,"1/11/2017 15:48",5,4,6,5,5,3,2,6,6,2,4,2,6,5,5,3,3,NA,NA,4.75,5.11111111111111
182,"1/11/2017 16:54",5,4,3,5,5,2,2,5,4,4,2,3,4,4,5,1,5,NA,NA,3.25,4.55555555555556
183,"1/11/2017 18:05",6,4,4,6,3,3,2,3,3,4,3,4,5,4,6,4,1,NA,NA,3.375,5.11111111111111
184,"1/11/2017 20:20",6,4,4,6,3,2,1,6,2,2,3,4,5,5,6,1,1,NA,NA,3,5.66666666666667
185,"1/11/2017 21:10",6,4,4,5,3,3,1,5,2,5,3,2,6,5,6,1,1,NA,NA,2.875,5.44444444444444
186,"1/11/2017 22:22",4,1,1,2,1,4,1,6,1,1,1,6,4,4,4,1,2,NA,NA,1.875,4.55555555555556
187,"2/11/2017 0:20",5,4,5,4,6,3,3,3,6,2,4,2,4,4,5,1,2,NA,NA,4.625,4.44444444444444
188,"2/11/2017 0:25",6,2,6,6,4,1,1,7,5,1,4,1,6,6,6,2,1,NA,NA,4.5,6.33333333333333
189,"2/11/2017 10:27",6,2,5,6,4,1,3,6,4,1,5,1,5,6,6,4,1,NA,NA,4.875,6.11111111111111
190,"2/11/2017 13:22",5,3,3,5,3,2,1,5,4,4,3,2,5,5,6,1,1,NA,NA,3.125,5.44444444444444
191,"2/11/2017 14:09",5,2,3,4,3,4,2,5,2,3,3,3,4,4,5,2,2,NA,NA,3.125,4.77777777777778
192,"2/11/2017 14:24",3,7,5,1,1,4,1,7,4,4,4,4,6,6,6,6,6,NA,NA,3.625,4
193,"2/11/2017 22:23",4,3,3,5,3,2,1,6,3,4,3,3,6,5,5,2,1,NA,NA,3,5.44444444444444
194,"2/11/2017 22:45",5,1,3,5,2,2,1,4,1,1,1,2,5,4,4,1,1,NA,NA,2.75,5.22222222222222
195,"2/11/2017 22:55",5,3,4,6,3,5,1,6,4,2,1,2,4,5,5,1,1,NA,NA,3.25,5.11111111111111
196,"3/11/2017 0:00",5,4,4,5,5,6,1,7,5,4,4,4,6,5,5,1,1,NA,NA,3.5,5.11111111111111
197,"3/11/2017 2:21",6,3,4,5,4,2,3,6,5,2,3,3,6,6,6,3,2,NA,NA,4.125,5.77777777777778
198,"3/11/2017 6:55",5,6,4,4,5,1,1,4,3,1,3,1,6,3,6,1,1,NA,NA,3.875,4.88888888888889
199,"3/11/2017 10:41",5,2,2,6,2,2,1,6,3,2,3,3,6,6,6,2,1,NA,NA,3,6
200,"3/11/2017 13:31",6,1,1,6,3,4,1,6,1,4,2,1,5,5,6,1,6,NA,NA,2.5,5.22222222222222
201,"3/11/2017 14:52",4,1,7,6,6,2,1,7,6,4,5,4,7,5,6,5,2,NA,NA,4.75,6
202,"3/11/2017 14:57",5,4,5,6,6,2,1,6,4,2,2,2,5,5,6,2,3,NA,NA,4,5.33333333333333
203,"3/11/2017 15:40",5,4,3,5,3,2,1,6,3,2,2,4,5,5,6,1,3,NA,NA,2.875,5.22222222222222
204,"3/11/2017 17:00",5,3,5,6,4,2,1,5,2,4,1,4,2,5,5,1,1,NA,NA,2.75,5.11111111111111
205,"3/11/2017 17:04",5,2,3,4,3,5,2,5,3,6,3,5,4,4,5,2,2,NA,NA,2.625,4.66666666666667
206,"4/11/2017 9:51",4,1,4,4,3,3,1,4,3,4,4,1,4,4,5,1,1,NA,NA,3.375,4.88888888888889
207,"4/11/2017 18:05",6,4,3,4,2,5,1,6,1,3,4,6,6,6,6,1,1,NA,NA,2.375,5.33333333333333
208,"4/11/2017 20:19",6,1,1,5,1,5,1,5,1,1,1,1,5,5,5,2,1,NA,NA,2.625,5.33333333333333
209,"5/11/2017 9:04",5,4,1,6,2,5,1,3,2,3,1,2,3,4,5,1,1,NA,NA,2.375,4.44444444444444
210,"5/11/2017 13:27",5,2,6,6,4,1,1,6,6,1,4,1,6,6,7,2,1,NA,NA,4.625,6.22222222222222
211,"5/11/2017 16:38",5,3,2,4,4,2,1,6,2,2,2,2,5,5,5,6,4,NA,NA,3.625,5
212,"5/11/2017 18:14",6,1,1,6,2,1,1,7,2,1,1,1,3,3,7,1,1,NA,NA,2.75,5.88888888888889
213,"5/11/2017 19:20",5,3,5,4,4,3,1,6,3,4,4,2,5,5,6,2,2,NA,NA,3.625,5.22222222222222
214,"5/11/2017 21:58",4,3,4,4,4,3,2,4,3,3,4,3,4,4,4,4,3,NA,NA,3.875,4.33333333333333
215,"5/11/2017 22:36",5,4,5,6,6,2,1,6,2,2,4,4,6,6,6,3,1,NA,NA,3.875,5.77777777777778
216,"5/11/2017 23:19",6,3,3,6,4,2,1,6,4,4,3,3,4,5,5,1,2,NA,NA,3.125,5.44444444444444
217,"5/11/2017 23:39",5,2,6,6,3,2,4,7,3,2,5,3,4,4,4,2,2,NA,NA,4.25,5.33333333333333
218,"6/11/2017 10:06",5,2,4,6,4,2,1,5,4,3,4,2,5,5,4,3,3,NA,NA,3.875,5.22222222222222
219,"6/11/2017 10:29",4,4,2,5,3,2,1,4,2,4,3,5,5,6,6,1,2,NA,NA,2.375,5.11111111111111
220,"6/11/2017 10:33",5,2,2,7,4,3,2,6,2,3,2,5,5,6,6,2,2,NA,NA,2.75,5.77777777777778
221,"6/11/2017 11:19",4,3,4,5,2,3,1,6,4,5,2,3,4,3,5,1,1,NA,NA,2.75,4.88888888888889
222,"6/11/2017 11:42",6,4,4,7,1,1,1,6,1,4,4,4,6,6,6,1,1,NA,NA,2.5,6.11111111111111
223,"6/11/2017 11:58",7,6,1,5,6,2,1,7,2,2,2,6,6,7,5,1,7,NA,NA,2.625,5.11111111111111
224,"6/11/2017 18:14",5,4,4,6,2,1,1,5,4,3,2,6,5,5,5,2,2,NA,NA,2.75,5.33333333333333
225,"6/11/2017 21:25",5,3,4,6,3,3,3,1,1,4,4,3,5,5,5,2,1,NA,NA,3.25,4.88888888888889
226,"6/11/2017 22:04",4,6,3,4,4,3,1,6,3,1,2,4,5,4,5,4,4,NA,NA,3.5,4.33333333333333
227,"6/11/2017 22:49",5,2,4,6,4,2,2,6,4,4,4,4,5,5,6,2,2,NA,NA,3.5,5.66666666666667
228,"6/11/2017 23:32",4,4,4,3,4,3,1,4,5,4,5,1,4,5,4,2,2,NA,NA,4,4.33333333333333
229,"7/11/2017 17:57",5,3,2,5,3,1,1,5,4,1,5,1,5,5,6,1,1,NA,NA,3.75,5.55555555555556
230,"8/11/2017 16:27",5,3,6,6,5,2,2,6,4,3,3,3,4,4,5,1,2,NA,NA,3.875,5.22222222222222
231,"8/11/2017 19:42",4,1,1,5,1,2,1,5,1,2,1,7,3,5,5,1,1,NA,NA,1.625,5.22222222222222
232,"8/11/2017 20:04",6,4,4,7,5,1,1,7,3,1,6,3,7,7,7,1,3,NA,NA,4,6.33333333333333
233,"10/11/2017 13:13",6,6,4,6,4,5,1,7,3,5,4,4,5,5,6,1,1,NA,NA,3,5.22222222222222
234,"10/11/2017 18:25",7,4,2,3,3,1,1,7,2,1,5,4,7,7,7,3,1,NA,NA,3.375,6.22222222222222
235,"11/11/2017 10:42",5,2,4,5,4,5,2,5,2,4,2,4,4,4,5,1,1,NA,NA,2.875,4.88888888888889
236,"11/11/2017 13:08",4,3,4,3,5,5,3,6,5,1,5,2,5,5,6,5,3,NA,NA,5,4.66666666666667
237,"11/11/2017 16:58",6,3,1,6,1,2,1,7,1,3,1,5,6,5,6,1,1,NA,NA,1.75,6
238,"11/11/2017 19:33",5,3,4,6,2,5,1,7,1,4,4,5,7,6,6,1,4,NA,NA,2.5,5.44444444444444
239,"11/11/2017 21:58",7,3,4,5,2,2,1,7,2,4,5,4,4,6,6,1,2,NA,NA,2.875,5.77777777777778
240,"12/11/2017 11:57",4,3,5,4,6,5,2,4,4,5,3,2,3,4,3,1,2,NA,NA,3.75,4
241,"12/11/2017 13:03",4,7,7,5,7,6,1,7,7,5,7,1,7,7,7,7,7,NA,NA,5.75,4.55555555555556
242,"12/11/2017 15:44",5,3,4,4,4,2,1,5,4,3,4,3,5,4,4,1,2,NA,NA,3.5,4.88888888888889
243,"12/11/2017 18:00",4,2,4,6,2,1,1,7,1,5,4,3,5,6,6,2,2,NA,NA,2.75,5.88888888888889
244,"12/11/2017 20:36",5,3,3,5,3,3,2,5,3,3,3,3,5,5,5,2,6,NA,NA,3.25,4.66666666666667
245,"12/11/2017 20:54",4,1,6,5,5,1,1,5,4,4,4,1,5,5,3,3,1,NA,NA,4.25,5.33333333333333
246,"12/11/2017 22:08",6,2,4,6,2,3,1,5,4,2,4,2,4,5,6,1,1,NA,NA,3.5,5.55555555555556
247,"13/11/2017 12:12",5,1,3,4,3,3,1,4,2,2,1,2,4,4,4,1,1,NA,NA,2.875,4.88888888888889
248,"13/11/2017 12:28",4,4,4,5,3,5,1,5,3,4,3,5,4,4,4,1,4,NA,NA,2.75,4.11111111111111
249,"13/11/2017 13:40",5,2,4,4,3,2,1,5,4,2,4,2,4,3,4,1,2,NA,NA,3.625,4.77777777777778
250,"13/11/2017 15:16",5,1,4,6,4,1,1,5,4,2,4,2,5,6,7,1,1,NA,NA,3.75,6.11111111111111
251,"13/11/2017 19:39",6,4,3,5,2,2,2,6,3,5,2,6,6,6,6,1,1,NA,NA,2.25,5.77777777777778
252,"14/11/2017 0:21",6,6,4,7,4,5,1,7,5,7,2,2,7,6,6,1,1,NA,NA,3,5.66666666666667
253,"18/11/2017 8:53",5,2,3,6,2,1,1,6,4,4,3,4,6,6,7,1,2,NA,NA,2.75,6.11111111111111
254,"18/11/2017 16:48",1,1,1,2,2,2,1,2,1,1,1,1,2,2,2,1,1,NA,NA,2.625,3.44444444444444
255,"18/11/2017 22:21",6,3,2,5,4,2,1,6,2,7,6,4,5,5,6,2,2,NA,NA,2.75,5.55555555555556
256,"19/11/2017 10:53",6,4,4,6,5,3,1,5,2,4,1,4,6,6,5,1,2,NA,NA,2.75,5.44444444444444
257,"15/05/2018 14:03",4,4,4,1,1,1,1,5,1,1,1,2,7,2,2,1,2,NA,NA,2.75,4.22222222222222
258,"15/05/2018 14:09",6,2,4,4,4,2,2,5,4,3,2,3,4,3,5,1,1,NA,NA,3.375,5.11111111111111
259,"15/05/2018 15:41",5,1,1,4,1,1,1,7,1,4,1,7,3,5,6,1,1,NA,NA,1.375,5.66666666666667
260,"15/05/2018 16:36",5,4,2,3,3,2,3,5,2,4,2,5,4,4,4,4,3,NA,NA,2.875,4.44444444444444
261,"15/05/2018 17:44",6,2,5,6,2,2,2,6,3,5,5,3,6,6,6,1,1,NA,NA,3.25,6.11111111111111
262,"15/05/2018 19:54",5,3,5,6,3,2,3,6,5,2,4,1,6,5,6,3,4,NA,NA,4.5,5.44444444444444
263,"15/05/2018 20:02",5,3,4,5,3,5,4,6,3,3,5,4,5,5,5,3,1,NA,NA,3.875,5.11111111111111
264,"15/05/2018 20:16",4,6,3,3,3,4,1,6,4,6,3,3,4,4,4,1,4,NA,NA,2.75,3.88888888888889
265,"15/05/2018 20:58",6,3,1,5,3,3,2,4,4,3,3,6,5,5,4,2,2,NA,NA,2.75,5
266,"15/05/2018 21:07",6,3,3,7,3,2,1,7,3,3,1,6,5,6,6,1,1,NA,NA,2.375,6.11111111111111
267,"15/05/2018 21:45",5,2,7,6,5,1,4,5,6,2,6,2,5,6,6,5,4,NA,NA,5.625,5.55555555555556
268,"15/05/2018 21:58",4,2,4,5,4,2,1,6,5,1,4,4,6,3,4,3,1,NA,NA,4,5.22222222222222
269,"15/05/2018 22:56",5,6,4,4,6,6,1,6,4,3,3,3,4,4,4,1,1,NA,NA,3.625,4.22222222222222
270,"15/05/2018 23:00",5,4,2,6,3,3,2,6,4,5,3,6,6,5,5,1,2,NA,NA,2.5,5.33333333333333
271,"15/05/2018 23:13",4,6,2,6,1,2,1,6,1,3,2,6,6,6,7,1,1,NA,NA,1.875,5.55555555555556
272,"16/05/2018 0:50",6,4,5,4,4,3,1,5,4,3,3,2,6,6,6,3,2,NA,NA,3.875,5.33333333333333
273,"16/05/2018 8:12",4,3,5,6,4,2,1,5,4,1,6,2,6,5,5,2,1,NA,NA,4.375,5.44444444444444
274,"16/05/2018 8:14",5,2,7,6,4,2,2,5,5,1,5,1,4,5,5,2,2,NA,NA,4.875,5.33333333333333
275,"16/05/2018 12:49",5,3,4,7,4,4,1,5,1,2,1,5,6,2,4,2,2,NA,NA,2.75,4.88888888888889
276,"16/05/2018 17:55",5,3,5,7,4,2,1,6,4,3,4,2,7,7,7,2,2,NA,NA,3.875,6.22222222222222
277,"16/05/2018 18:22",5,2,1,5,2,2,1,6,2,4,4,2,6,6,6,1,1,NA,NA,2.625,5.88888888888889
278,"16/05/2018 18:27",6,2,4,4,3,1,1,6,4,7,1,5,6,6,6,1,1,NA,NA,2.25,6
279,"16/05/2018 18:36",5,1,2,2,1,2,1,5,2,3,1,3,2,4,4,1,1,NA,NA,2.25,4.66666666666667
280,"16/05/2018 18:50",4,4,2,2,1,3,1,4,3,5,2,3,6,7,7,1,1,NA,NA,2.25,5.11111111111111
281,"16/05/2018 19:30",4,3,2,4,2,3,1,5,1,4,1,4,3,5,7,1,3,NA,NA,2,4.77777777777778
282,"16/05/2018 19:37",6,2,5,6,3,2,1,6,4,1,4,1,6,6,6,1,1,NA,NA,4,6.11111111111111
283,"16/05/2018 19:40",5,2,3,5,2,1,1,6,4,4,1,3,4,5,6,1,2,NA,NA,2.625,5.55555555555556
284,"16/05/2018 20:31",5,1,4,5,2,1,1,7,4,3,2,3,6,6,6,1,2,NA,NA,3,6.11111111111111
285,"16/05/2018 20:34",6,2,5,6,4,2,1,6,5,2,5,2,6,6,6,2,2,NA,NA,4.25,6
286,"16/05/2018 21:05",5,3,4,6,4,2,1,5,3,2,7,6,6,6,6,1,1,NA,NA,3.5,5.77777777777778
287,"16/05/2018 22:08",5,4,5,4,3,2,2,6,6,1,4,6,4,6,5,4,3,NA,NA,4.125,5
288,"16/05/2018 22:36",3,3,1,3,2,4,1,5,2,1,2,2,5,5,5,2,1,NA,NA,2.875,4.66666666666667
289,"16/05/2018 22:39",6,3,4,6,4,2,1,5,3,3,6,3,5,6,6,4,2,NA,NA,4,5.66666666666667
290,"16/05/2018 23:41",5,4,5,5,4,3,3,6,6,3,4,2,5,6,6,3,3,NA,NA,4.5,5.22222222222222
291,"17/05/2018 6:45",6,3,3,4,5,3,1,5,5,2,4,3,5,5,6,3,5,NA,NA,4,4.88888888888889
292,"17/05/2018 8:07",4,3,4,2,4,2,1,5,4,2,2,2,5,5,4,4,2,NA,NA,3.875,4.66666666666667
293,"17/05/2018 8:42",3,4,1,4,3,5,1,5,2,5,3,5,4,4,5,2,4,NA,NA,2.25,4
294,"17/05/2018 9:01",5,4,2,6,5,2,2,6,7,1,3,2,6,7,5,1,1,NA,NA,4.125,5.77777777777778
295,"17/05/2018 9:09",6,4,4,4,7,3,1,7,6,7,6,2,7,7,7,5,4,NA,NA,4.5,5.66666666666667
296,"17/05/2018 9:23",6,2,2,5,3,2,1,6,1,3,3,4,5,5,5,1,1,NA,NA,2.5,5.66666666666667
297,"17/05/2018 9:32",5,4,5,5,4,3,2,5,6,3,4,3,5,5,4,2,2,NA,NA,4.125,4.88888888888889
298,"17/05/2018 10:17",4,4,5,4,5,3,4,4,3,4,2,3,4,4,4,2,4,NA,NA,3.75,4.11111111111111
299,"17/05/2018 13:20",6,3,4,6,7,1,1,6,7,1,4,1,4,4,5,1,3,NA,NA,4.75,5.33333333333333
300,"17/05/2018 17:11",4,4,2,4,2,4,1,4,2,6,2,6,4,4,4,1,4,NA,NA,1.75,4
301,"17/05/2018 18:56",5,4,3,5,2,2,2,6,3,4,4,7,5,5,5,2,5,NA,NA,2.625,4.88888888888889
302,"17/05/2018 19:02",5,4,5,5,6,2,5,7,5,1,4,2,6,5,5,4,1,NA,NA,5.25,5.55555555555556
303,"18/05/2018 9:00",5,3,4,7,3,2,1,5,2,3,3,3,5,5,5,3,2,NA,NA,3.25,5.44444444444444
304,"18/05/2018 9:23",5,4,4,4,3,2,1,5,3,2,2,2,3,4,5,1,1,NA,NA,3.25,4.77777777777778
305,"18/05/2018 12:43",4,2,2,4,2,7,1,5,2,4,4,2,6,6,6,2,2,NA,NA,2.875,4.88888888888889
306,"18/05/2018 13:23",6,3,4,7,6,7,1,7,4,6,4,5,7,5,6,1,1,NA,NA,3.125,5.66666666666667
307,"18/05/2018 14:08",4,3,7,6,5,3,4,5,6,2,5,1,5,5,5,5,3,NA,NA,5.625,5
308,"18/05/2018 14:08",5,4,2,6,1,2,1,7,1,7,1,7,4,5,6,1,2,NA,NA,1.125,5.44444444444444
309,"18/05/2018 17:16",5,1,4,5,4,1,1,5,4,4,4,3,5,5,5,1,1,NA,NA,3.375,5.66666666666667
310,"19/05/2018 4:34",5,4,4,5,4,4,1,5,4,4,4,4,4,4,5,2,4,NA,NA,3.375,4.44444444444444
311,"19/05/2018 8:38",5,2,2,4,2,1,2,5,4,6,1,5,6,5,5,4,3,NA,NA,2.5,5.33333333333333
312,"19/05/2018 9:12",5,1,5,5,4,2,1,6,4,4,5,2,4,5,5,1,1,NA,NA,3.75,5.55555555555556
313,"19/05/2018 12:06",6,6,1,6,1,1,1,4,2,5,1,2,6,6,7,1,1,NA,NA,2,5.66666666666667
314,"19/05/2018 12:24",5,2,4,5,4,2,1,5,4,2,5,4,5,4,5,1,1,NA,NA,3.625,5.33333333333333
315,"19/05/2018 12:24",6,1,2,6,2,3,1,7,2,5,2,6,7,6,6,1,2,NA,NA,1.875,6.22222222222222
316,"19/05/2018 15:22",5,3,5,5,4,3,1,6,4,1,3,3,6,6,6,3,3,NA,NA,4,5.44444444444444
317,"19/05/2018 22:10",5,4,4,5,3,5,1,7,1,7,4,6,6,6,7,1,4,NA,NA,2.125,5.22222222222222
318,"19/05/2018 23:11",6,1,4,7,4,1,1,7,4,2,4,2,7,7,7,1,1,NA,NA,3.75,6.88888888888889
319,"20/05/2018 16:18",5,3,5,5,6,3,4,7,6,2,5,3,6,5,6,7,3,NA,NA,5.5,5.44444444444444
320,"20/05/2018 18:01",6,2,4,5,6,1,1,5,4,1,2,1,4,4,5,1,2,NA,NA,4,5.33333333333333
321,"20/05/2018 21:34",6,1,5,5,6,1,3,7,6,1,6,2,7,7,6,5,1,NA,NA,5.5,6.55555555555556
322,"20/05/2018 21:39",6,3,6,4,5,3,2,6,5,6,4,4,5,6,6,2,2,NA,NA,3.75,5.44444444444444
323,"20/05/2018 23:22",5,4,4,5,4,3,3,6,3,5,4,3,5,5,5,3,4,NA,NA,3.625,4.88888888888889
324,"21/05/2018 11:18",3,6,3,1,1,4,1,4,1,4,1,3,1,1,2,1,4,NA,NA,2.125,2.44444444444444
325,"21/05/2018 18:22",6,2,3,5,2,1,1,5,2,1,4,3,6,5,6,1,2,NA,NA,3.125,5.77777777777778
326,"21/05/2018 22:27",5,1,2,3,2,4,1,5,1,6,1,2,4,4,6,1,1,NA,NA,2,5
327,"22/05/2018 10:43",7,1,1,5,1,1,1,5,1,1,1,1,5,5,5,1,1,NA,NA,2.5,5.88888888888889
328,"22/05/2018 22:59",5,2,1,3,2,2,1,6,1,3,2,2,5,5,5,1,1,NA,NA,2.375,5.33333333333333
329,"22/05/2018 23:00",6,2,6,5,6,2,1,5,6,1,6,3,4,4,7,6,3,NA,NA,5.375,5.33333333333333
330,"24/05/2018 16:45",4,2,4,5,4,2,1,6,3,5,3,2,6,6,4,1,1,NA,NA,3.125,5.55555555555556
331,"25/05/2018 14:21",5,2,2,5,1,4,1,6,3,3,1,1,4,3,3,1,1,NA,NA,2.625,4.77777777777778
332,"26/05/2018 12:27",3,6,2,3,2,4,2,6,3,6,2,4,4,3,4,3,3,NA,NA,2.5,3.77777777777778
333,"27/05/2018 20:49",6,4,4,5,3,1,1,4,2,4,1,4,4,4,5,1,1,NA,NA,2.5,5.11111111111111
334,"30/10/2018 11:28",5,2,4,2,4,2,1,5,5,1,3,4,5,5,5,5,2,NA,NA,4.125,5
335,"30/10/2018 12:09",7,4,1,6,2,5,1,6,1,3,1,3,6,5,5,1,1,NA,NA,2.125,5.44444444444444
336,"30/10/2018 13:01",5,3,4,5,4,3,3,4,4,3,4,4,7,7,6,3,4,NA,NA,3.875,5.33333333333333
337,"30/10/2018 13:25",6,3,6,6,5,3,3,5,6,2,5,2,5,5,5,3,2,NA,NA,5,5.33333333333333
338,"30/10/2018 20:55",5,2,5,6,5,2,1,6,4,1,6,2,6,6,6,2,1,NA,NA,4.5,6
339,"30/10/2018 21:23",6,3,5,6,5,2,4,6,6,2,6,3,6,7,5,3,2,NA,NA,5,5.88888888888889
340,"31/10/2018 7:11",5,4,4,6,4,3,2,5,5,3,1,4,4,3,6,1,2,NA,NA,3.25,4.88888888888889
341,"31/10/2018 9:42",4,1,3,5,4,1,2,5,2,1,5,4,5,4,5,2,2,NA,NA,3.625,5.33333333333333
342,"31/10/2018 10:19",5,3,4,5,3,3,1,5,3,6,3,4,5,4,4,3,2,NA,NA,2.875,4.88888888888889
343,"31/10/2018 14:17",4,5,6,4,4,1,1,6,5,4,4,4,7,7,5,2,1,NA,NA,3.75,5.55555555555556
344,"31/10/2018 16:26",5,2,6,6,6,3,3,5,4,2,4,2,5,4,3,2,2,NA,NA,4.625,5
345,"31/10/2018 16:28",6,5,4,6,6,3,1,7,5,7,3,2,5,5,6,1,3,NA,NA,3.375,5.33333333333333
346,"31/10/2018 17:36",4,1,4,5,3,1,4,5,3,2,4,4,5,6,6,3,1,NA,NA,3.875,5.77777777777778
347,"31/10/2018 18:49",5,7,5,5,6,3,1,5,6,7,5,6,5,6,6,1,1,NA,NA,3.375,5
348,"31/10/2018 22:17",5,2,3,5,2,2,1,5,1,4,4,4,5,5,5,1,1,NA,NA,2.5,5.44444444444444
349,"1/11/2018 0:28",6,2,5,6,5,2,2,6,6,4,4,2,4,6,6,2,2,NA,NA,4.25,5.77777777777778
350,"1/11/2018 8:24",5,4,4,5,4,3,1,6,4,3,4,4,4,4,5,4,3,NA,NA,3.75,4.77777777777778
351,"1/11/2018 9:22",7,3,6,7,4,2,2,7,4,6,3,2,5,5,5,2,1,NA,NA,3.625,6
352,"1/11/2018 9:33",7,4,4,7,7,2,2,6,3,2,3,3,6,5,5,1,1,NA,NA,3.875,5.88888888888889
353,"1/11/2018 10:00",4,2,5,4,5,2,1,5,3,4,3,3,6,6,5,1,2,NA,NA,3.375,5.33333333333333
354,"1/11/2018 20:57",6,3,3,4,4,2,1,6,5,3,4,4,5,6,7,1,1,NA,NA,3.375,5.77777777777778
355,"2/11/2018 13:45",6,3,7,7,7,1,5,6,7,1,7,1,6,7,6,7,6,NA,NA,6.75,5.77777777777778
356,"2/11/2018 13:59",5,4,3,7,3,7,1,4,3,5,4,7,5,4,6,1,3,NA,NA,2.375,4.55555555555556
357,"2/11/2018 23:30",7,4,4,5,4,1,1,6,4,3,4,2,4,5,6,1,1,NA,NA,3.625,5.66666666666667
358,"3/11/2018 8:56",6,3,2,6,3,5,1,5,3,4,2,3,5,4,5,1,2,NA,NA,2.625,5
359,"3/11/2018 11:34",4,2,1,4,1,2,1,3,1,5,1,6,3,3,5,1,1,NA,NA,1.375,4.55555555555556
360,"3/11/2018 18:19",4,4,1,7,3,2,1,5,1,5,1,6,6,5,4,1,3,NA,NA,1.625,5.11111111111111
361,"3/11/2018 18:54",6,3,1,7,3,1,1,7,1,5,5,7,7,7,6,1,1,NA,NA,2,6.55555555555556
362,"4/11/2018 0:34",4,3,4,5,3,2,1,5,3,4,4,4,5,5,5,1,4,NA,NA,3,4.88888888888889
363,"4/11/2018 14:49",7,4,4,6,3,4,1,6,5,2,6,4,6,6,7,3,2,NA,NA,4,5.77777777777778
364,"4/11/2018 15:00",6,4,2,4,1,6,1,5,2,1,4,3,6,6,6,4,1,NA,NA,3.25,5.11111111111111
365,"4/11/2018 15:47",5,4,3,2,5,2,2,5,2,2,3,2,6,6,6,4,2,NA,NA,3.875,5.11111111111111
366,"4/11/2018 15:59",4,3,3,5,3,3,3,6,4,5,4,4,5,4,5,1,3,NA,NA,3.125,4.88888888888889
367,"4/11/2018 21:08",3,2,3,4,2,5,1,4,2,4,1,3,5,4,5,2,1,NA,NA,2.5,4.55555555555556
368,"4/11/2018 21:09",5,2,2,4,2,3,1,5,2,2,1,4,2,2,4,1,2,NA,NA,2.375,4.33333333333333
369,"5/11/2018 9:48",5,4,4,6,2,1,1,7,4,3,1,3,6,7,7,1,4,NA,NA,2.875,5.88888888888889
370,"5/11/2018 10:21",6,4,2,6,1,2,1,4,2,2,2,7,6,6,6,1,4,NA,NA,2,5.33333333333333
371,"5/11/2018 19:26",6,2,5,6,5,1,2,6,5,2,5,5,6,7,7,3,2,NA,NA,4.25,6.33333333333333
372,"5/11/2018 20:54",6,6,2,6,4,2,2,6,5,2,5,4,7,6,7,2,1,NA,NA,3.75,5.88888888888889
373,"5/11/2018 22:08",6,4,4,6,5,2,1,6,4,4,5,4,5,3,5,2,2,NA,NA,3.625,5.22222222222222
374,"5/11/2018 23:22",4,2,2,7,2,4,1,6,2,5,2,3,5,5,6,2,3,NA,NA,2.375,5.33333333333333
375,"6/11/2018 11:25",4,4,1,4,2,1,1,6,1,1,1,7,2,4,5,1,2,NA,NA,1.875,4.66666666666667
376,"6/11/2018 20:08",5,4,6,3,2,6,5,6,3,4,4,4,6,4,6,6,2,NA,NA,4.25,4.66666666666667
377,"7/11/2018 4:40",6,2,3,6,4,2,1,5,4,5,2,3,5,5,5,4,1,NA,NA,3.25,5.66666666666667
378,"7/11/2018 22:39",4,3,4,4,6,1,4,4,3,1,2,3,4,3,4,3,1,NA,NA,4.25,4.66666666666667
379,"7/11/2018 23:06",6,1,5,4,3,1,1,5,2,1,1,1,3,4,6,3,1,NA,NA,3.625,5.44444444444444
380,"8/11/2018 12:34",7,2,4,7,3,1,1,7,3,1,4,4,7,7,7,3,2,NA,NA,3.625,6.77777777777778
381,"8/11/2018 14:33",4,2,5,4,5,3,1,6,2,5,2,3,5,6,5,1,2,NA,NA,3,5.22222222222222
382,"8/11/2018 22:45",5,3,1,6,2,1,3,6,3,6,2,4,6,6,5,3,6,NA,NA,2.5,5.33333333333333
383,"9/11/2018 21:34",5,4,5,6,4,2,2,6,6,3,4,3,6,6,6,2,5,NA,NA,4.125,5.33333333333333
384,"10/11/2018 12:28",5,4,1,5,3,2,1,5,4,5,2,7,4,6,6,1,2,NA,NA,2,5.22222222222222
385,"11/11/2018 14:08",5,3,5,5,4,2,4,6,6,2,4,3,5,5,6,5,2,NA,NA,4.875,5.44444444444444
386,"12/11/2018 17:33",6,2,2,7,1,1,1,7,2,3,3,1,6,6,7,2,1,NA,NA,2.875,6.55555555555556
387,"13/11/2018 10:15",6,2,5,6,5,1,1,7,4,1,6,2,6,6,6,1,1,NA,NA,4.375,6.33333333333333
388,"13/11/2018 14:00",5,1,6,5,6,6,3,6,3,2,5,4,6,6,7,2,6,NA,NA,4.375,5.11111111111111
389,"19/11/2018 20:54",6,4,2,6,4,6,2,5,2,5,2,6,6,5,5,1,2,NA,NA,2.25,5
390,"2/05/2019 15:28",4,4,2,5,2,2,1,7,3,5,4,4,4,5,5,1,1,NA,NA,2.5,5.22222222222222
391,"2/05/2019 16:28",5,4,5,5,4,3,2,5,5,3,4,3,5,5,5,5,2,NA,NA,4.375,5
392,"3/05/2019 18:51",6,3,3,7,4,1,1,5,3,6,2,5,7,7,7,5,2,NA,NA,2.875,6.33333333333333
393,"3/05/2019 22:05",5,4,3,5,3,3,2,4,5,4,4,3,5,6,7,2,4,NA,NA,3.5,5
394,"4/05/2019 11:21",5,3,4,5,2,2,1,5,2,6,1,6,6,4,6,1,2,NA,NA,1.875,5.33333333333333
395,"4/05/2019 13:11",6,1,4,6,3,1,1,7,4,4,1,3,7,7,7,1,2,NA,NA,2.875,6.66666666666667
396,"4/05/2019 15:10",7,1,1,7,1,7,1,7,1,4,4,1,7,7,7,1,1,NA,NA,2.5,6.33333333333333
397,"4/05/2019 15:28",4,2,6,5,3,3,2,5,4,4,5,3,4,5,7,5,3,NA,NA,4.25,5.11111111111111
398,"4/05/2019 15:35",6,4,4,4,4,2,1,6,3,1,4,2,4,3,6,3,1,NA,NA,4,5.11111111111111
399,"4/05/2019 18:07",5,6,1,7,1,6,1,5,4,7,2,4,7,4,5,1,6,NA,NA,1.875,4.33333333333333
400,"4/05/2019 19:21",5,3,3,4,3,3,1,6,3,4,4,3,5,7,5,2,1,NA,NA,3.125,5.44444444444444
401,"4/05/2019 19:46",7,4,4,4,5,2,1,6,4,3,1,3,5,6,5,1,2,NA,NA,3.25,5.44444444444444
402,"5/05/2019 8:20",6,1,1,6,1,2,1,5,1,6,3,6,5,5,5,1,1,NA,NA,1.5,5.77777777777778
403,"5/05/2019 12:17",5,2,4,5,4,2,1,4,4,1,4,1,4,5,4,7,7,NA,NA,4.75,4.44444444444444
404,"5/05/2019 13:18",6,3,7,7,7,2,3,6,7,2,7,2,6,5,6,4,4,NA,NA,5.875,5.66666666666667
405,"5/05/2019 14:05",5,3,5,6,4,2,3,5,4,3,4,3,6,6,5,3,2,NA,NA,4.125,5.55555555555556
406,"5/05/2019 16:08",5,2,3,4,3,2,2,5,2,2,2,2,5,5,5,2,2,NA,NA,3.25,5.22222222222222
407,"5/05/2019 21:51",4,3,2,4,4,3,1,4,1,1,4,2,4,2,4,1,2,NA,NA,3.25,4.22222222222222
408,"6/05/2019 8:17",6,1,3,7,1,3,1,6,1,1,1,1,5,5,7,1,1,NA,NA,2.75,6.11111111111111
409,"6/05/2019 15:11",4,3,4,6,4,2,1,5,1,3,4,2,4,5,5,1,3,NA,NA,3.25,5
410,"6/05/2019 15:14",6,2,1,4,3,1,1,6,1,5,1,1,6,6,6,1,1,NA,NA,2.25,6
411,"6/05/2019 15:35",6,2,3,6,2,1,1,6,2,3,3,3,6,6,6,1,1,NA,NA,2.75,6.22222222222222
412,"6/05/2019 18:16",7,4,4,6,5,1,1,7,6,1,5,4,6,6,6,4,2,NA,NA,4.5,6.11111111111111
413,"6/05/2019 18:26",5,5,3,5,4,5,5,4,5,3,3,3,5,6,6,6,3,NA,NA,4.5,4.66666666666667
414,"6/05/2019 22:47",4,3,4,5,4,3,1,4,3,4,3,3,4,4,4,1,2,NA,NA,3.125,4.55555555555556
415,"7/05/2019 10:28",6,4,6,6,5,2,2,6,2,1,4,2,5,5,4,5,2,NA,NA,4.625,5.33333333333333
416,"7/05/2019 18:28",4,4,4,5,1,1,1,5,1,2,1,1,5,5,5,1,1,NA,NA,2.75,5.22222222222222
417,"7/05/2019 21:09",5,4,3,4,3,4,2,3,4,6,3,2,2,3,5,4,4,NA,NA,3.375,3.77777777777778
418,"7/05/2019 21:19",6,3,3,7,3,1,1,6,2,2,2,6,6,5,4,6,4,NA,NA,3.125,5.55555555555556
419,"7/05/2019 22:39",4,4,5,4,2,3,1,6,4,4,4,2,3,7,6,4,3,NA,NA,3.75,4.88888888888889
420,"7/05/2019 22:45",5,1,1,4,1,3,1,1,1,5,1,2,2,4,4,1,1,NA,NA,1.875,4.33333333333333
421,"8/05/2019 7:38",5,1,1,4,2,1,1,6,1,4,1,4,5,5,6,3,1,NA,NA,2.125,5.77777777777778
422,"8/05/2019 8:03",5,3,2,6,2,2,1,6,4,2,2,2,5,5,5,3,2,NA,NA,3.25,5.44444444444444
423,"8/05/2019 10:09",5,1,2,4,3,1,1,6,2,4,4,2,6,6,5,1,2,NA,NA,2.875,5.77777777777778
424,"8/05/2019 10:18",6,4,2,4,2,2,1,6,1,4,2,5,5,5,5,2,4,NA,NA,2.125,5
425,"8/05/2019 17:09",5,4,3,5,4,4,2,5,4,4,4,4,5,5,5,2,4,NA,NA,3.375,4.66666666666667
426,"8/05/2019 19:42",5,1,7,7,5,1,2,5,5,3,5,1,7,7,6,4,2,NA,NA,5,6.33333333333333
427,"8/05/2019 20:30",4,2,3,4,3,5,1,5,3,3,3,4,4,4,5,3,2,NA,NA,3.125,4.55555555555556
428,"8/05/2019 21:29",6,4,1,4,2,4,1,5,3,4,3,6,5,5,6,1,2,NA,NA,2.125,5
429,"8/05/2019 21:30",6,2,6,6,6,2,4,6,6,2,6,2,7,7,7,2,2,NA,NA,5.25,6.33333333333333
430,"8/05/2019 21:33",5,3,4,5,4,2,2,7,4,4,5,3,6,6,6,3,2,NA,NA,3.875,5.77777777777778
431,"9/05/2019 8:12",6,4,3,6,2,4,1,7,2,4,2,4,5,6,7,2,2,NA,NA,2.5,5.66666666666667
432,"9/05/2019 18:22",6,3,1,6,1,1,1,7,3,3,1,3,6,5,6,3,2,NA,NA,2.5,6
433,"9/05/2019 19:54",5,2,2,4,3,3,1,3,3,2,1,3,4,4,4,1,2,NA,NA,2.75,4.55555555555556
434,"10/05/2019 9:01",5,4,2,4,2,2,1,5,2,3,2,6,5,4,6,2,2,NA,NA,2.25,5
435,"10/05/2019 9:58",4,4,2,5,5,1,2,4,4,2,3,2,4,5,6,5,2,NA,NA,4.125,5
436,"10/05/2019 10:23",5,1,4,6,3,2,4,5,5,3,2,2,3,3,5,2,2,NA,NA,3.875,5.11111111111111
437,"10/05/2019 19:31",6,4,2,4,2,4,1,5,4,4,4,4,5,6,6,1,4,NA,NA,2.75,4.88888888888889
438,"10/05/2019 22:14",5,3,3,4,2,3,1,6,2,4,2,6,4,4,5,3,2,NA,NA,2.375,4.88888888888889
439,"11/05/2019 7:55",6,3,3,4,3,3,3,5,2,4,2,2,5,5,4,3,2,NA,NA,3.25,5
440,"11/05/2019 13:48",4,3,4,4,3,3,1,5,3,3,3,3,4,5,5,2,2,NA,NA,3.25,4.77777777777778
441,"13/05/2019 12:17",5,3,6,4,7,2,4,5,6,2,4,1,4,6,5,2,4,NA,NA,5.25,4.88888888888889
442,"13/05/2019 16:08",5,2,3,6,4,2,1,7,1,4,4,1,6,5,6,2,1,NA,NA,3.25,6
443,"13/05/2019 19:20",4,4,3,5,3,4,2,4,2,5,3,6,5,5,6,5,4,NA,NA,2.875,4.55555555555556
444,"13/05/2019 20:45",5,2,5,4,5,2,1,6,4,5,7,1,6,6,6,2,2,NA,NA,4.25,5.66666666666667
445,"14/05/2019 21:57",5,4,1,6,3,2,1,6,2,2,2,7,6,6,6,1,4,NA,NA,2.125,5.44444444444444
446,"15/05/2019 7:33",5,1,1,2,2,1,1,3,2,4,1,2,4,3,4,1,2,NA,NA,2.25,4.55555555555556
447,"15/05/2019 10:04",5,4,3,5,3,3,2,5,3,4,3,3,5,4,5,2,2,NA,NA,3.125,4.88888888888889
448,"15/05/2019 11:22",7,1,4,6,4,2,2,7,3,3,4,3,6,6,6,1,2,NA,NA,3.5,6.33333333333333
449,"15/05/2019 11:24",6,2,6,7,2,1,1,7,5,2,1,1,6,7,7,1,1,NA,NA,3.625,6.66666666666667
450,"15/05/2019 14:19",5,4,3,5,2,3,1,5,3,4,4,5,6,5,5,2,2,NA,NA,2.75,5.11111111111111
451,"15/05/2019 14:28",4,3,5,4,2,4,1,5,4,4,3,3,5,4,5,3,4,NA,NA,3.375,4.44444444444444
452,"15/05/2019 18:33",5,3,6,6,5,1,1,7,6,1,4,1,6,7,7,2,1,NA,NA,4.75,6.33333333333333
453,"15/05/2019 19:35",7,4,4,3,3,6,2,5,3,5,4,2,2,4,5,3,2,NA,NA,3.5,4.22222222222222
454,"15/05/2019 21:27",6,1,7,6,5,2,1,7,6,1,6,2,7,7,7,1,1,NA,NA,4.875,6.66666666666667
455,"15/05/2019 23:00",5,3,4,6,4,3,3,5,4,4,4,4,5,4,5,3,4,NA,NA,3.75,4.88888888888889
456,"16/05/2019 7:32",6,4,3,6,3,2,1,5,3,3,3,3,5,5,4,1,3,NA,NA,3,5.11111111111111
457,"16/05/2019 9:13",6,2,7,7,6,2,2,7,7,2,6,1,7,7,7,4,3,NA,NA,5.625,6.44444444444444
458,"16/05/2019 10:28",5,4,3,2,3,2,2,2,3,3,4,5,3,1,2,2,2,NA,NA,3.125,3.44444444444444
459,"16/05/2019 14:33",5,3,2,4,1,2,2,4,2,2,3,4,4,4,4,2,2,NA,NA,2.75,4.66666666666667
460,"19/05/2019 19:01",3,4,7,4,3,6,1,5,5,6,4,3,5,7,7,1,4,NA,NA,3.5,4.55555555555556
461,"20/05/2019 21:50",4,1,1,1,5,1,1,5,4,1,1,1,1,4,1,1,1,NA,NA,3.375,4.11111111111111
462,"28/02/2024 19:44",4,3,3,5,3,3,3,4,3,5,3,4,2,3,3,6,2,"Mujer",44,3.5,4.11111111111111
463,"29/02/2024 00:33",6,2,3,5,2,1,2,6,1,5,1,5,5,7,6,2,2,"Hombre",45,2.125,6
464,"29/02/2024 07:22",5,2,5,5,3,2,3,6,4,5,4,5,5,6,5,2,2,"Hombre",62,3.375,5.55555555555556
465,"29/02/2024 07:40",4,1,1,7,1,1,1,4,1,7,1,7,4,1,4,1,7,"Hombre",28,1,4.33333333333333
466,"29/02/2024 13:22",6,1,4,5,1,1,1,7,1,4,1,7,6,5,7,1,1,"Mujer",42,1.75,6.33333333333333
467,"29/02/2024 16:22",5,4,5,5,2,2,1,6,4,1,1,3,4,5,4,7,4,"Mujer",38,4,4.77777777777778
